,STATE,COUNTY,fips
0,01,001,01001
1,01,009,01009
2,01,017,01017
3,01,021,01021
4,01,033,01033
5,01,045,01045
6,01,051,01051
7,01,065,01065
8,01,079,01079
9,01,083,01083
10,01,099,01099
11,01,107,01107
12,01,121,01121
13,02,050,02050
14,02,105,02105
15,02,122,02122
16,02,150,02150
17,02,164,02164
18,02,180,02180
19,02,188,02188
20,02,198,02198
21,05,141,05141
22,05,145,05145
23,06,005,06005
24,06,021,06021
25,06,033,06033
26,06,043,06043
27,06,055,06055
28,06,089,06089
29,06,099,06099
30,06,115,06115
31,08,003,08003
32,08,013,08013
33,08,014,08014
34,08,025,08025
35,08,031,08031
36,08,035,08035
37,08,047,08047
38,12,083,12083
39,12,087,12087
40,12,095,12095
41,12,111,12111
42,12,119,12119
43,12,125,12125
44,13,001,13001
45,13,013,13013
46,13,029,13029
47,13,043,13043
48,13,055,13055
49,13,059,13059
50,13,071,13071
51,13,079,13079
52,13,091,13091
53,13,107,13107
54,13,113,13113
55,13,123,13123
56,08,053,08053
57,08,057,08057
58,08,059,08059
59,08,073,08073
60,08,083,08083
61,08,095,08095
62,08,105,08105
63,08,111,08111
64,08,123,08123
65,09,015,09015
66,12,001,12001
67,12,013,12013
68,12,023,12023
69,12,039,12039
70,12,055,12055
71,12,059,12059
72,12,073,12073
73,02,261,02261
74,02,270,02270
75,04,003,04003
76,04,013,04013
77,05,001,05001
78,05,009,05009
79,05,019,05019
80,05,029,05029
81,05,043,05043
82,05,051,05051
83,05,061,05061
84,05,071,05071
85,05,085,05085
86,05,097,05097
87,05,101,05101
88,05,111,05111
89,05,123,05123
90,05,129,05129
91,13,309,13309
92,13,313,13313
93,13,319,13319
94,15,009,15009
95,16,015,16015
96,16,021,16021
97,16,045,16045
98,16,051,16051
99,16,057,16057
100,16,067,16067
101,16,081,16081
102,17,005,17005
103,17,009,17009
104,17,019,17019
105,17,029,17029
106,17,035,17035
107,17,049,17049
108,17,055,17055
109,17,065,17065
110,18,051,18051
111,18,059,18059
112,18,069,18069
113,18,079,18079
114,18,085,18085
115,18,095,18095
116,18,105,18105
117,18,115,18115
118,18,125,18125
119,18,131,18131
120,18,139,18139
121,18,153,18153
122,18,173,18173
123,18,179,18179
124,18,183,18183
125,19,009,19009
126,19,017,19017
127,19,021,19021
128,19,031,19031
129,19,039,19039
130,17,073,17073
131,17,077,17077
132,17,079,17079
133,17,089,17089
134,17,103,17103
135,17,107,17107
136,17,121,17121
137,17,129,17129
138,17,139,17139
139,17,145,17145
140,17,155,17155
141,17,169,17169
142,17,175,17175
143,17,179,17179
144,17,189,17189
145,17,203,17203
146,18,009,18009
147,18,011,18011
148,18,021,18021
149,18,033,18033
150,13,125,13125
151,13,129,13129
152,13,131,13131
153,13,139,13139
154,13,157,13157
155,13,169,13169
156,13,175,13175
157,13,187,13187
158,13,197,13197
159,13,201,13201
160,13,217,13217
161,13,225,13225
162,13,233,13233
163,13,243,13243
164,13,253,13253
165,13,265,13265
166,13,277,13277
167,13,285,13285
168,13,293,13293
169,13,303,13303
170,20,027,20027
171,20,029,20029
172,20,039,20039
173,20,049,20049
174,20,065,20065
175,20,075,20075
176,20,085,20085
177,20,095,20095
178,20,105,20105
179,20,115,20115
180,20,127,20127
181,20,135,20135
182,20,145,20145
183,20,155,20155
184,20,163,20163
185,20,173,20173
186,20,185,20185
187,20,195,20195
188,20,203,20203
189,20,205,20205
190,21,183,21183
191,21,187,21187
192,21,189,21189
193,21,199,21199
194,21,209,21209
195,21,219,21219
196,21,229,21229
197,22,001,22001
198,22,013,22013
199,22,033,22033
200,22,053,22053
201,22,073,22073
202,22,077,22077
203,22,089,22089
204,22,105,22105
205,22,115,22115
206,21,003,21003
207,21,009,21009
208,21,017,21017
209,21,025,21025
210,21,031,21031
211,21,043,21043
212,21,053,21053
213,21,063,21063
214,21,077,21077
215,21,087,21087
216,21,099,21099
217,21,103,21103
218,21,115,21115
219,21,121,21121
220,21,137,21137
221,21,143,21143
222,21,151,21151
223,21,157,21157
224,21,169,21169
225,21,175,21175
226,19,045,19045
227,19,047,19047
228,19,055,19055
229,19,063,19063
230,19,067,19067
231,19,079,19079
232,19,087,19087
233,19,095,19095
234,19,105,19105
235,19,113,19113
236,19,121,19121
237,19,125,19125
238,19,137,19137
239,19,141,19141
240,19,151,19151
241,19,161,19161
242,19,169,19169
243,19,175,19175
244,19,181,19181
245,19,195,19195
246,20,005,20005
247,20,015,20015
248,27,073,27073
249,27,083,27083
250,27,085,27085
251,27,093,27093
252,27,103,27103
253,27,113,27113
254,27,121,27121
255,27,127,27127
256,27,147,27147
257,27,153,27153
258,27,161,27161
259,28,003,28003
260,28,013,28013
261,28,017,28017
262,28,029,28029
263,28,037,28037
264,28,049,28049
265,28,061,28061
266,28,065,28065
267,28,075,28075
268,22,121,22121
269,22,127,22127
270,23,009,23009
271,23,029,23029
272,24,001,24001
273,24,003,24003
274,24,009,24009
275,24,017,24017
276,24,019,24019
277,24,029,24029
278,24,035,24035
279,24,037,24037
280,24,039,24039
281,24,041,24041
282,25,011,25011
283,26,009,26009
284,26,015,26015
285,26,023,26023
286,26,035,26035
287,26,037,26037
288,26,045,26045
289,26,057,26057
290,26,061,26061
291,26,073,26073
292,26,077,26077
293,26,083,26083
294,26,085,26085
295,26,091,26091
296,26,097,26097
297,26,103,26103
298,26,107,26107
299,26,111,26111
300,26,117,26117
301,26,123,26123
302,26,133,26133
303,26,143,26143
304,26,155,26155
305,26,161,26161
306,26,165,26165
307,27,009,27009
308,27,019,27019
309,27,029,27029
310,27,039,27039
311,27,051,27051
312,27,057,27057
313,27,067,27067
314,29,097,29097
315,29,103,29103
316,29,109,29109
317,29,117,29117
318,29,131,29131
319,29,137,29137
320,29,151,29151
321,29,159,29159
322,29,169,29169
323,29,179,29179
324,29,195,29195
325,29,205,29205
326,29,211,29211
327,29,221,29221
328,29,229,29229
329,30,013,30013
330,30,037,30037
331,30,043,30043
332,31,121,31121
333,31,125,31125
334,31,135,31135
335,31,137,31137
336,31,147,31147
337,31,159,31159
338,31,163,31163
339,31,171,31171
340,31,183,31183
341,32,009,32009
342,32,021,32021
343,32,033,32033
344,34,007,34007
345,34,015,34015
346,34,031,34031
347,35,001,35001
348,35,006,35006
349,30,051,30051
350,30,059,30059
351,30,069,30069
352,30,093,30093
353,30,099,30099
354,30,107,30107
355,31,003,31003
356,31,009,31009
357,31,023,31023
358,31,035,31035
359,31,037,31037
360,31,047,31047
361,31,053,31053
362,31,063,31063
363,31,073,31073
364,31,085,31085
365,31,093,31093
366,31,097,31097
367,31,117,31117
368,28,079,28079
369,28,083,28083
370,28,095,28095
371,28,099,28099
372,28,103,28103
373,28,115,28115
374,28,117,28117
375,28,127,28127
376,28,139,28139
377,28,151,28151
378,29,001,29001
379,29,009,29009
380,29,021,29021
381,29,033,29033
382,29,043,29043
383,29,053,29053
384,29,065,29065
385,29,075,29075
386,29,085,29085
387,37,001,37001
388,37,005,37005
389,37,017,37017
390,37,021,37021
391,37,027,37027
392,37,055,37055
393,37,057,37057
394,37,067,37067
395,37,081,37081
396,37,091,37091
397,37,103,37103
398,37,117,37117
399,37,127,37127
400,37,141,37141
401,37,151,37151
402,37,165,37165
403,37,167,37167
404,39,055,39055
405,39,063,39063
406,39,065,39065
407,39,075,39075
408,39,089,39089
409,39,097,39097
410,39,109,39109
411,39,121,39121
412,39,131,39131
413,39,143,39143
414,39,147,39147
415,39,159,39159
416,39,169,39169
417,39,173,39173
418,40,009,40009
419,40,019,40019
420,40,031,40031
421,40,043,40043
422,40,053,40053
423,37,181,37181
424,37,191,37191
425,37,197,37197
426,38,007,38007
427,38,019,38019
428,38,031,38031
429,38,035,38035
430,38,045,38045
431,38,061,38061
432,38,073,38073
433,38,079,38079
434,38,091,38091
435,38,103,38103
436,39,003,39003
437,39,015,39015
438,39,027,39027
439,39,039,39039
440,39,047,39047
441,35,015,35015
442,35,027,35027
443,35,028,35028
444,35,045,35045
445,35,053,35053
446,36,003,36003
447,36,021,36021
448,36,037,36037
449,36,043,36043
450,36,057,36057
451,36,069,36069
452,36,083,36083
453,36,095,36095
454,36,109,36109
455,36,121,36121
456,36,123,36123
457,42,013,42013
458,42,015,42015
459,42,021,42021
460,42,031,42031
461,42,047,42047
462,42,063,42063
463,42,069,42069
464,42,087,42087
465,42,093,42093
466,42,105,42105
467,42,113,42113
468,42,123,42123
469,45,005,45005
470,45,009,45009
471,45,027,45027
472,45,039,45039
473,47,005,47005
474,47,007,47007
475,47,013,47013
476,47,027,47027
477,47,031,47031
478,47,045,47045
479,47,057,47057
480,47,069,47069
481,47,081,47081
482,47,093,47093
483,47,105,47105
484,47,117,47117
485,47,129,47129
486,47,139,47139
487,47,151,47151
488,47,173,47173
489,47,179,47179
490,45,049,45049
491,45,053,45053
492,45,075,45075
493,45,081,45081
494,46,003,46003
495,46,007,46007
496,46,017,46017
497,46,029,46029
498,46,035,46035
499,46,043,46043
500,46,055,46055
501,46,061,46061
502,46,087,46087
503,46,095,46095
504,46,103,46103
505,46,111,46111
506,46,125,46125
507,46,137,46137
508,40,059,40059
509,40,063,40063
510,40,073,40073
511,40,081,40081
512,40,087,40087
513,40,097,40097
514,40,109,40109
515,40,123,40123
516,40,127,40127
517,40,147,40147
518,40,153,40153
519,41,017,41017
520,41,031,41031
521,41,037,41037
522,41,053,41053
523,41,069,41069
524,42,005,42005
525,48,357,48357
526,48,359,48359
527,48,367,48367
528,48,379,48379
529,48,381,48381
530,48,393,48393
531,48,397,48397
532,48,411,48411
533,48,425,48425
534,48,429,48429
535,48,433,48433
536,48,445,48445
537,48,449,48449
538,48,459,48459
539,48,463,48463
540,48,475,48475
541,48,491,48491
542,48,497,48497
543,48,507,48507
544,49,011,49011
545,47,185,47185
546,47,189,47189
547,48,009,48009
548,48,011,48011
549,48,021,48021
550,48,031,48031
551,48,047,48047
552,48,053,48053
553,48,063,48063
554,48,069,48069
555,48,079,48079
556,48,095,48095
557,48,099,48099
558,48,103,48103
559,48,115,48115
560,48,123,48123
561,48,127,48127
562,48,137,48137
563,48,149,48149
564,48,159,48159
565,48,169,48169
566,48,177,48177
567,48,179,48179
568,48,185,48185
569,48,191,48191
570,48,195,48195
571,48,217,48217
572,48,227,48227
573,48,233,48233
574,48,247,48247
575,48,251,48251
576,48,263,48263
577,48,265,48265
578,48,275,48275
579,48,283,48283
580,48,297,48297
581,48,303,48303
582,48,309,48309
583,48,319,48319
584,48,329,48329
585,48,339,48339
586,48,349,48349
587,48,353,48353
588,51,121,51121
589,51,125,51125
590,51,141,51141
591,51,145,51145
592,51,155,51155
593,51,157,51157
594,51,173,51173
595,51,187,51187
596,51,197,51197
597,51,510,51510
598,51,530,51530
599,51,540,51540
600,51,595,51595
601,51,660,51660
602,51,670,51670
603,51,760,51760
604,51,775,51775
605,51,820,51820
606,53,013,53013
607,53,021,53021
608,55,029,55029
609,55,033,55033
610,55,039,55039
611,55,045,55045
612,55,063,55063
613,55,069,55069
614,55,073,55073
615,55,081,55081
616,55,095,55095
617,55,103,55103
618,55,115,55115
619,55,129,55129
620,55,141,55141
621,56,025,56025
622,56,031,56031
623,56,033,56033
624,56,045,56045
625,72,013,72013
626,53,041,53041
627,53,045,53045
628,53,065,53065
629,54,001,54001
630,54,007,54007
631,54,013,54013
632,54,021,54021
633,54,039,54039
634,54,049,54049
635,54,061,54061
636,54,079,54079
637,54,089,54089
638,54,101,54101
639,55,003,55003
640,55,005,55005
641,55,007,55007
642,55,017,55017
643,55,025,55025
644,49,029,49029
645,49,031,49031
646,49,035,49035
647,49,051,49051
648,50,005,50005
649,50,019,50019
650,51,007,51007
651,51,017,51017
652,51,029,51029
653,51,043,51043
654,51,047,51047
655,51,063,51063
656,51,075,51075
657,51,101,51101
658,51,111,51111
659,51,113,51113
660,01,023,01023
661,01,025,01025
662,01,029,01029
663,01,031,01031
664,01,037,01037
665,01,047,01047
666,01,055,01055
667,01,059,01059
668,01,061,01061
669,01,067,01067
670,01,071,01071
671,01,081,01081
672,01,085,01085
673,01,087,01087
674,01,089,01089
675,02,070,02070
676,02,110,02110
677,02,130,02130
678,02,185,02185
679,02,195,02195
680,02,220,02220
681,02,230,02230
682,05,143,05143
683,05,147,05147
684,06,003,06003
685,06,007,06007
686,01,093,01093
687,01,095,01095
688,01,097,01097
689,01,101,01101
690,01,117,01117
691,01,119,01119
692,01,125,01125
693,01,131,01131
694,02,020,02020
695,02,068,02068
696,72,019,72019
697,72,025,72025
698,72,031,72031
699,72,045,72045
700,72,054,72054
701,72,061,72061
702,72,069,72069
703,72,083,72083
704,72,093,72093
705,72,105,72105
706,72,115,72115
707,72,129,72129
708,72,135,72135
709,72,145,72145
710,01,007,01007
711,01,011,01011
712,01,015,01015
713,06,045,06045
714,06,049,06049
715,06,051,06051
716,06,057,06057
717,06,059,06059
718,06,065,06065
719,06,069,06069
720,06,073,06073
721,06,075,06075
722,06,113,06113
723,08,001,08001
724,08,007,08007
725,08,009,08009
726,08,015,08015
727,08,017,08017
728,08,021,08021
729,08,023,08023
730,08,029,08029
731,08,037,08037
732,08,043,08043
733,06,081,06081
734,06,083,06083
735,06,087,06087
736,06,095,06095
737,06,101,06101
738,06,103,06103
739,06,109,06109
740,06,009,06009
741,06,013,06013
742,06,015,06015
743,02,013,02013
744,13,149,13149
745,20,059,20059
746,06,025,06025
747,06,029,06029
748,06,031,06031
749,06,039,06039
750,13,067,13067
751,13,069,13069
752,13,073,13073
753,13,077,13077
754,13,081,13081
755,13,087,13087
756,13,093,13093
757,13,095,13095
758,13,101,13101
759,13,103,13103
760,13,109,13109
761,13,115,13115
762,13,119,13119
763,08,061,08061
764,08,063,08063
765,08,069,08069
766,12,089,12089
767,12,091,12091
768,12,097,12097
769,12,099,12099
770,12,101,12101
771,12,107,12107
772,12,109,12109
773,12,113,12113
774,12,115,12115
775,12,117,12117
776,12,127,12127
777,12,131,12131
778,13,003,13003
779,13,005,13005
780,13,009,13009
781,13,015,13015
782,13,023,13023
783,13,025,13025
784,13,031,13031
785,13,037,13037
786,13,049,13049
787,13,053,13053
788,13,057,13057
789,13,063,13063
790,09,013,09013
791,10,005,10005
792,11,001,11001
793,12,003,12003
794,12,005,12005
795,12,011,12011
796,12,015,12015
797,12,071,12071
798,12,079,12079
799,12,081,12081
800,02,275,02275
801,08,085,08085
802,12,017,12017
803,12,029,12029
804,12,031,12031
805,12,041,12041
806,12,043,12043
807,12,045,12045
808,12,049,12049
809,12,051,12051
810,12,053,12053
811,12,061,12061
812,12,063,12063
813,12,069,12069
814,08,075,08075
815,08,077,08077
816,08,081,08081
817,08,087,08087
818,08,091,08091
819,08,097,08097
820,08,103,08103
821,08,109,08109
822,08,119,08119
823,08,121,08121
824,08,125,08125
825,09,003,09003
826,09,007,09007
827,05,015,05015
828,05,017,05017
829,05,025,05025
830,05,027,05027
831,05,033,05033
832,05,045,05045
833,05,047,05047
834,05,053,05053
835,05,059,05059
836,05,067,05067
837,05,073,05073
838,05,081,05081
839,05,083,05083
840,05,087,05087
841,15,001,15001
842,15,007,15007
843,16,001,16001
844,16,003,16003
845,16,009,16009
846,16,017,16017
847,16,019,16019
848,05,089,05089
849,05,091,05091
850,05,093,05093
851,05,099,05099
852,05,103,05103
853,05,113,05113
854,05,115,05115
855,05,121,05121
856,05,133,05133
857,05,137,05137
858,13,317,13317
859,13,321,13321
860,04,005,04005
861,04,009,04009
862,04,011,04011
863,04,012,04012
864,04,017,04017
865,04,021,04021
866,04,023,04023
867,04,027,04027
868,05,003,05003
869,05,013,05013
870,16,071,16071
871,16,077,16077
872,16,079,16079
873,16,083,16083
874,17,003,17003
875,17,007,17007
876,17,011,17011
877,17,015,17015
878,17,023,17023
879,17,033,17033
880,17,037,17037
881,17,041,17041
882,17,043,17043
883,18,117,18117
884,18,121,18121
885,18,127,18127
886,18,135,18135
887,18,137,18137
888,18,141,18141
889,18,149,18149
890,18,151,18151
891,18,159,18159
892,18,161,18161
893,18,167,18167
894,18,169,18169
895,18,175,18175
896,18,181,18181
897,19,001,19001
898,17,047,17047
899,17,051,17051
900,17,053,17053
901,17,057,17057
902,17,063,17063
903,18,055,18055
904,18,057,18057
905,18,065,18065
906,18,067,18067
907,18,071,18071
908,18,077,18077
909,18,087,18087
910,18,091,18091
911,18,097,18097
912,18,101,18101
913,18,103,18103
914,18,109,18109
915,16,023,16023
916,16,025,16025
917,16,029,16029
918,16,033,16033
919,16,041,16041
920,16,043,16043
921,16,047,16047
922,16,053,16053
923,16,055,16055
924,16,061,16061
925,16,065,16065
926,16,069,16069
927,18,007,18007
928,18,013,18013
929,18,015,18015
930,18,019,18019
931,18,025,18025
932,18,031,18031
933,18,035,18035
934,18,045,18045
935,13,137,13137
936,13,141,13141
937,13,147,13147
938,13,155,13155
939,13,159,13159
940,13,165,13165
941,13,171,13171
942,13,173,13173
943,20,091,20091
944,20,097,20097
945,20,099,20099
946,20,103,20103
947,20,109,20109
948,20,113,20113
949,20,119,20119
950,20,125,20125
951,20,131,20131
952,20,141,20141
953,20,143,20143
954,20,157,20157
955,20,165,20165
956,20,167,20167
957,20,171,20171
958,20,177,20177
959,22,057,22057
960,22,061,22061
961,22,063,22063
962,22,069,22069
963,22,075,22075
964,22,079,22079
965,22,081,22081
966,22,085,22085
967,21,111,21111
968,21,113,21113
969,21,123,21123
970,21,129,21129
971,21,135,21135
972,21,139,21139
973,21,145,21145
974,21,153,21153
975,21,159,21159
976,21,167,21167
977,21,171,21171
978,21,173,21173
979,21,179,21179
980,19,053,19053
981,18,003,18003
982,13,181,13181
983,19,061,19061
984,19,069,19069
985,19,075,19075
986,19,077,19077
987,19,089,19089
988,19,093,19093
989,19,101,19101
990,19,103,19103
991,19,107,19107
992,19,111,19111
993,19,127,19127
994,19,129,19129
995,19,135,19135
996,19,139,19139
997,19,145,19145
998,20,181,20181
999,19,153,19153
1000,19,155,19155
1001,19,159,19159
1002,19,163,19163
1003,19,171,19171
1004,19,177,19177
1005,19,183,19183
1006,19,189,19189
1007,19,193,19193
1008,20,003,20003
1009,20,009,20009
1010,20,017,20017
1011,20,019,20019
1012,13,211,13211
1013,27,081,27081
1014,27,089,27089
1015,27,091,27091
1016,27,095,27095
1017,27,097,27097
1018,27,099,27099
1019,27,105,27105
1020,27,109,27109
1021,27,111,27111
1022,27,115,27115
1023,27,117,27117
1024,27,119,27119
1025,27,129,27129
1026,27,133,27133
1027,19,059,19059
1028,27,141,27141
1029,27,145,27145
1030,27,149,27149
1031,27,157,27157
1032,27,163,27163
1033,27,171,27171
1034,28,005,28005
1035,28,009,28009
1036,28,011,28011
1037,28,015,28015
1038,28,021,28021
1039,28,031,28031
1040,28,039,28039
1041,19,149,19149
1042,28,045,28045
1043,28,051,28051
1044,28,053,28053
1045,28,059,28059
1046,28,067,28067
1047,28,073,28073
1048,23,007,23007
1049,13,215,13215
1050,13,239,13239
1051,27,077,27077
1052,45,031,45031
1053,45,035,45035
1054,45,037,45037
1055,47,011,47011
1056,47,017,47017
1057,47,021,47021
1058,47,025,47025
1059,47,033,47033
1060,47,035,47035
1061,47,041,47041
1062,47,047,47047
1063,47,049,47049
1064,47,059,47059
1065,47,061,47061
1066,27,137,27137
1067,23,015,23015
1068,23,021,23021
1069,23,023,23023
1070,23,031,23031
1071,28,041,28041
1072,31,149,31149
1073,31,151,31151
1074,31,155,31155
1075,31,161,31161
1076,31,169,31169
1077,31,173,31173
1078,31,181,31181
1079,32,005,32005
1080,32,007,32007
1081,32,013,32013
1082,32,017,32017
1083,32,023,32023
1084,23,011,23011
1085,39,105,39105
1086,39,107,39107
1087,39,117,39117
1088,39,119,39119
1089,39,125,39125
1090,39,129,39129
1091,39,133,39133
1092,39,135,39135
1093,39,139,39139
1094,39,141,39141
1095,39,149,39149
1096,39,151,39151
1097,39,157,39157
1098,39,161,39161
1099,47,065,47065
1100,47,067,47067
1101,47,071,47071
1102,47,077,47077
1103,47,083,47083
1104,47,087,47087
1105,47,095,47095
1106,47,101,47101
1107,47,107,47107
1108,47,109,47109
1109,47,111,47111
1110,47,119,47119
1111,47,125,47125
1112,47,135,47135
1113,47,137,47137
1114,24,011,24011
1115,24,013,24013
1116,24,021,24021
1117,24,023,24023
1118,24,031,24031
1119,24,033,24033
1120,24,043,24043
1121,32,031,32031
1122,32,510,32510
1123,33,003,33003
1124,33,009,33009
1125,33,015,33015
1126,33,019,33019
1127,34,003,34003
1128,34,009,34009
1129,34,013,34013
1130,39,167,39167
1131,39,171,39171
1132,39,175,39175
1133,40,003,40003
1134,40,011,40011
1135,40,013,40013
1136,40,017,40017
1137,40,025,40025
1138,40,029,40029
1139,40,035,40035
1140,40,039,40039
1141,40,045,40045
1142,40,049,40049
1143,40,055,40055
1144,37,193,37193
1145,47,141,47141
1146,48,045,48045
1147,48,049,48049
1148,48,055,48055
1149,48,061,48061
1150,48,065,48065
1151,48,067,48067
1152,48,073,48073
1153,48,077,48077
1154,48,081,48081
1155,48,085,48085
1156,48,087,48087
1157,48,091,48091
1158,24,047,24047
1159,25,007,25007
1160,25,013,25013
1161,25,015,25015
1162,25,017,25017
1163,34,017,34017
1164,34,019,34019
1165,34,021,34021
1166,34,029,34029
1167,34,033,34033
1168,34,035,34035
1169,34,041,34041
1170,35,007,35007
1171,30,055,30055
1172,30,057,30057
1173,37,195,37195
1174,37,199,37199
1175,38,005,38005
1176,38,009,38009
1177,38,017,38017
1178,38,027,38027
1179,38,029,38029
1180,38,037,38037
1181,38,039,38039
1182,38,043,38043
1183,38,047,38047
1184,38,053,38053
1185,38,059,38059
1186,38,063,38063
1187,47,001,47001
1188,47,003,47003
1189,40,065,40065
1190,40,071,40071
1191,40,083,40083
1192,40,085,40085
1193,40,091,40091
1194,40,099,40099
1195,40,101,40101
1196,40,107,40107
1197,40,111,40111
1198,40,117,40117
1199,40,119,40119
1200,40,125,40125
1201,25,021,25021
1202,25,023,25023
1203,26,003,26003
1204,26,005,26005
1205,26,007,26007
1206,30,063,30063
1207,30,065,30065
1208,30,071,30071
1209,30,077,30077
1210,30,083,30083
1211,30,087,30087
1212,30,091,30091
1213,30,097,30097
1214,30,101,30101
1215,38,065,38065
1216,38,067,38067
1217,38,071,38071
1218,38,075,38075
1219,38,081,38081
1220,38,089,38089
1221,38,093,38093
1222,38,097,38097
1223,38,101,38101
1224,39,001,39001
1225,39,005,39005
1226,39,011,39011
1227,39,013,39013
1228,39,017,39017
1229,39,019,39019
1230,42,003,42003
1231,42,007,42007
1232,48,361,48361
1233,48,369,48369
1234,48,383,48383
1235,48,385,48385
1236,48,387,48387
1237,48,395,48395
1238,48,399,48399
1239,48,403,48403
1240,48,415,48415
1241,48,417,48417
1242,48,419,48419
1243,48,423,48423
1244,48,427,48427
1245,48,431,48431
1246,26,017,26017
1247,26,019,26019
1248,26,021,26021
1249,26,027,26027
1250,26,031,26031
1251,26,033,26033
1252,30,109,30109
1253,31,007,31007
1254,31,011,31011
1255,31,013,31013
1256,31,019,31019
1257,31,025,31025
1258,31,029,31029
1259,31,033,31033
1260,31,039,31039
1261,31,045,31045
1262,31,051,31051
1263,31,057,31057
1264,31,071,31071
1265,31,075,31075
1266,39,023,39023
1267,39,025,39025
1268,39,029,39029
1269,39,033,39033
1270,39,037,39037
1271,39,041,39041
1272,39,043,39043
1273,39,049,39049
1274,35,019,35019
1275,35,021,35021
1276,35,025,35025
1277,35,033,35033
1278,35,039,35039
1279,47,143,47143
1280,47,147,47147
1281,47,149,47149
1282,47,155,47155
1283,47,161,47161
1284,47,167,47167
1285,47,175,47175
1286,47,177,47177
1287,45,055,45055
1288,45,061,45061
1289,45,065,45065
1290,45,071,45071
1291,45,073,45073
1292,26,041,26041
1293,26,043,26043
1294,26,047,26047
1295,26,051,26051
1296,26,065,26065
1297,26,069,26069
1298,17,131,17131
1299,13,191,13191
1300,31,079,31079
1301,31,081,31081
1302,31,083,31083
1303,31,087,31087
1304,31,099,31099
1305,31,101,31101
1306,31,105,31105
1307,31,109,31109
1308,31,115,31115
1309,31,119,31119
1310,28,091,28091
1311,28,097,28097
1312,28,101,28101
1313,28,109,28109
1314,28,119,28119
1315,28,121,28121
1316,28,129,28129
1317,35,041,35041
1318,35,043,35043
1319,35,049,35049
1320,35,057,35057
1321,35,061,35061
1322,36,007,36007
1323,36,011,36011
1324,36,013,36013
1325,36,019,36019
1326,36,027,36027
1327,36,033,36033
1328,36,035,36035
1329,36,039,36039
1330,40,131,40131
1331,40,135,40135
1332,40,137,40137
1333,40,143,40143
1334,40,145,40145
1335,40,149,40149
1336,41,003,41003
1337,41,005,41005
1338,41,011,41011
1339,41,013,41013
1340,41,021,41021
1341,41,027,41027
1342,26,075,26075
1343,26,079,26079
1344,26,081,26081
1345,26,087,26087
1346,26,093,26093
1347,26,095,26095
1348,26,099,26099
1349,26,101,26101
1350,26,115,26115
1351,28,137,28137
1352,28,141,28141
1353,28,143,28143
1354,28,153,28153
1355,28,155,28155
1356,28,157,28157
1357,28,163,28163
1358,29,007,29007
1359,29,017,29017
1360,29,023,29023
1361,29,029,29029
1362,29,035,29035
1363,29,041,29041
1364,29,045,29045
1365,36,041,36041
1366,36,045,36045
1367,36,051,36051
1368,36,055,36055
1369,36,059,36059
1370,36,063,36063
1371,36,071,36071
1372,36,073,36073
1373,36,075,36075
1374,48,435,48435
1375,48,437,48437
1376,48,441,48441
1377,48,447,48447
1378,48,451,48451
1379,48,453,48453
1380,48,457,48457
1381,48,467,48467
1382,48,469,48469
1383,48,477,48477
1384,48,483,48483
1385,48,485,48485
1386,48,489,48489
1387,48,499,48499
1388,49,001,49001
1389,49,007,49007
1390,26,071,26071
1391,26,125,26125
1392,26,131,26131
1393,26,135,26135
1394,26,145,26145
1395,26,147,26147
1396,26,157,26157
1397,29,047,29047
1398,29,051,29051
1399,29,055,29055
1400,29,057,29057
1401,29,061,29061
1402,29,067,29067
1403,29,073,29073
1404,29,077,29077
1405,29,079,29079
1406,29,087,29087
1407,37,011,37011
1408,37,013,37013
1409,37,019,37019
1410,37,025,37025
1411,13,223,13223
1412,36,081,36081
1413,36,087,36087
1414,36,089,36089
1415,36,093,36093
1416,36,099,36099
1417,36,103,36103
1418,36,107,36107
1419,36,117,36117
1420,42,017,42017
1421,42,023,42023
1422,45,079,45079
1423,45,083,45083
1424,45,085,45085
1425,45,089,45089
1426,46,005,46005
1427,46,011,46011
1428,46,019,46019
1429,46,023,46023
1430,46,033,46033
1431,46,039,46039
1432,46,041,46041
1433,46,045,46045
1434,46,051,46051
1435,46,059,46059
1436,26,159,26159
1437,26,163,26163
1438,27,001,27001
1439,27,003,27003
1440,27,011,27011
1441,27,017,27017
1442,27,025,27025
1443,27,035,27035
1444,27,037,27037
1445,27,041,27041
1446,27,043,27043
1447,27,045,27045
1448,27,053,27053
1449,27,059,27059
1450,37,035,37035
1451,37,037,37037
1452,37,039,37039
1453,37,041,37041
1454,37,047,37047
1455,37,059,37059
1456,37,061,37061
1457,37,065,37065
1458,37,069,37069
1459,37,071,37071
1460,37,075,37075
1461,37,077,37077
1462,37,083,37083
1463,37,087,37087
1464,42,027,42027
1465,42,029,42029
1466,42,033,42033
1467,42,039,42039
1468,42,045,42045
1469,42,049,42049
1470,42,051,42051
1471,42,055,42055
1472,42,061,42061
1473,42,067,42067
1474,42,073,42073
1475,42,079,42079
1476,41,029,41029
1477,41,033,41033
1478,41,039,41039
1479,41,043,41043
1480,41,049,41049
1481,41,051,41051
1482,41,059,41059
1483,41,065,41065
1484,41,071,41071
1485,27,063,27063
1486,27,065,27065
1487,27,069,27069
1488,29,105,29105
1489,29,111,29111
1490,29,119,29119
1491,29,125,29125
1492,29,129,29129
1493,29,139,29139
1494,29,141,29141
1495,29,147,29147
1496,29,153,29153
1497,29,157,29157
1498,29,161,29161
1499,29,167,29167
1500,37,095,37095
1501,37,099,37099
1502,37,105,37105
1503,37,111,37111
1504,37,115,37115
1505,37,121,37121
1506,37,129,37129
1507,37,135,37135
1508,37,139,37139
1509,37,143,37143
1510,37,147,37147
1511,37,153,37153
1512,42,085,42085
1513,42,089,42089
1514,42,095,42095
1515,42,101,42101
1516,42,109,42109
1517,42,111,42111
1518,42,115,42115
1519,42,119,42119
1520,42,121,42121
1521,42,125,42125
1522,42,133,42133
1523,49,009,49009
1524,49,013,49013
1525,49,019,49019
1526,49,023,49023
1527,48,001,48001
1528,48,013,48013
1529,48,015,48015
1530,48,017,48017
1531,48,023,48023
1532,48,025,48025
1533,48,029,48029
1534,48,033,48033
1535,48,035,48035
1536,48,039,48039
1537,29,171,29171
1538,29,175,29175
1539,29,177,29177
1540,29,181,29181
1541,29,186,29186
1542,29,187,29187
1543,29,197,29197
1544,29,203,29203
1545,29,207,29207
1546,29,213,29213
1547,29,219,29219
1548,29,225,29225
1549,29,510,29510
1550,30,003,30003
1551,37,159,37159
1552,37,163,37163
1553,37,169,37169
1554,37,175,37175
1555,39,061,39061
1556,39,071,39071
1557,39,077,39077
1558,39,081,39081
1559,39,087,39087
1560,39,093,39093
1561,39,099,39099
1562,39,101,39101
1563,44,001,44001
1564,44,003,44003
1565,44,005,44005
1566,45,001,45001
1567,45,003,45003
1568,45,007,45007
1569,45,017,45017
1570,45,023,45023
1571,45,025,45025
1572,46,063,46063
1573,46,065,46065
1574,46,069,46069
1575,46,075,46075
1576,46,079,46079
1577,46,085,46085
1578,46,093,46093
1579,46,097,46097
1580,46,101,46101
1581,46,113,46113
1582,46,115,46115
1583,46,117,46117
1584,46,121,46121
1585,46,127,46127
1586,30,005,30005
1587,30,009,30009
1588,30,015,30015
1589,30,019,30019
1590,30,023,30023
1591,30,029,30029
1592,30,035,30035
1593,30,041,30041
1594,31,129,31129
1595,31,133,31133
1596,31,141,31141
1597,19,007,19007
1598,19,011,19011
1599,19,015,19015
1600,19,019,19019
1601,19,023,19023
1602,19,027,19027
1603,19,033,19033
1604,17,081,17081
1605,17,091,17091
1606,17,093,17093
1607,17,099,17099
1608,17,101,17101
1609,17,105,17105
1610,17,109,17109
1611,17,111,17111
1612,17,117,17117
1613,17,125,17125
1614,17,127,17127
1615,13,185,13185
1616,13,189,13189
1617,13,195,13195
1618,13,199,13199
1619,13,205,13205
1620,13,209,13209
1621,13,213,13213
1622,13,221,13221
1623,13,229,13229
1624,13,231,13231
1625,13,235,13235
1626,13,241,13241
1627,13,247,13247
1628,13,255,13255
1629,13,257,13257
1630,13,267,13267
1631,13,269,13269
1632,20,183,20183
1633,20,187,20187
1634,20,189,20189
1635,20,197,20197
1636,20,207,20207
1637,21,191,21191
1638,21,193,21193
1639,21,201,21201
1640,21,205,21205
1641,21,207,21207
1642,21,217,21217
1643,21,221,21221
1644,21,231,21231
1645,21,233,21233
1646,21,237,21237
1647,21,239,21239
1648,22,005,22005
1649,22,091,22091
1650,22,093,22093
1651,22,097,22097
1652,22,099,22099
1653,22,103,22103
1654,22,113,22113
1655,22,117,22117
1656,21,011,21011
1657,21,013,21013
1658,21,015,21015
1659,21,027,21027
1660,21,029,21029
1661,17,133,17133
1662,17,137,17137
1663,17,141,17141
1664,17,143,17143
1665,17,147,17147
1666,17,153,17153
1667,17,159,17159
1668,17,165,17165
1669,17,167,17167
1670,17,177,17177
1671,17,183,17183
1672,17,191,17191
1673,17,195,17195
1674,17,197,17197
1675,18,001,18001
1676,13,275,13275
1677,13,279,13279
1678,13,281,13281
1679,13,289,13289
1680,13,295,13295
1681,13,301,13301
1682,20,035,20035
1683,20,041,20041
1684,20,047,20047
1685,20,051,20051
1686,20,053,20053
1687,20,057,20057
1688,20,063,20063
1689,20,073,20073
1690,20,077,20077
1691,20,079,20079
1692,20,087,20087
1693,22,011,22011
1694,22,015,22015
1695,22,017,22017
1696,22,023,22023
1697,22,031,22031
1698,22,035,22035
1699,22,041,22041
1700,22,043,22043
1701,22,049,22049
1702,22,051,22051
1703,22,055,22055
1704,21,035,21035
1705,21,039,21039
1706,21,041,21041
1707,21,045,21045
1708,21,057,21057
1709,21,065,21065
1710,21,067,21067
1711,21,071,21071
1712,21,079,21079
1713,21,083,21083
1714,21,085,21085
1715,21,091,21091
1716,21,097,21097
1717,21,101,21101
1718,21,107,21107
1719,48,267,48267
1720,48,271,48271
1721,48,277,48277
1722,48,281,48281
1723,48,285,48285
1724,48,287,48287
1725,48,291,48291
1726,48,293,48293
1727,48,295,48295
1728,48,301,48301
1729,48,305,48305
1730,48,307,48307
1731,48,317,48317
1732,48,323,48323
1733,48,327,48327
1734,48,331,48331
1735,48,333,48333
1736,51,800,51800
1737,51,810,51810
1738,51,840,51840
1739,53,001,53001
1740,53,003,53003
1741,53,005,53005
1742,53,015,53015
1743,53,017,53017
1744,53,019,53019
1745,53,023,53023
1746,53,025,53025
1747,51,600,51600
1748,55,101,55101
1749,55,107,55107
1750,55,111,55111
1751,55,113,55113
1752,55,119,55119
1753,55,123,55123
1754,55,125,55125
1755,55,133,55133
1756,55,139,55139
1757,56,003,56003
1758,56,009,56009
1759,56,017,56017
1760,56,019,56019
1761,54,023,54023
1762,54,025,54025
1763,54,027,54027
1764,54,033,54033
1765,54,037,54037
1766,54,045,54045
1767,54,051,54051
1768,54,053,54053
1769,54,059,54059
1770,54,065,54065
1771,54,069,54069
1772,54,075,54075
1773,48,341,48341
1774,54,083,54083
1775,54,087,54087
1776,54,091,54091
1777,54,093,54093
1778,54,097,54097
1779,54,099,54099
1780,54,103,54103
1781,54,105,54105
1782,54,107,54107
1783,55,011,55011
1784,55,013,55013
1785,55,019,55019
1786,55,021,55021
1787,55,023,55023
1788,53,029,53029
1789,49,039,49039
1790,49,043,49043
1791,49,045,49045
1792,49,049,49049
1793,49,057,49057
1794,50,003,50003
1795,50,007,50007
1796,50,011,50011
1797,50,015,50015
1798,50,021,50021
1799,56,023,56023
1800,51,005,51005
1801,51,011,51011
1802,51,013,51013
1803,51,015,51015
1804,51,019,51019
1805,51,025,51025
1806,51,031,51031
1807,51,033,51033
1808,51,036,51036
1809,51,045,51045
1810,51,049,51049
1811,51,051,51051
1812,54,081,54081
1813,51,061,51061
1814,51,067,51067
1815,51,069,51069
1816,51,073,51073
1817,51,081,51081
1818,51,085,51085
1819,51,091,51091
1820,51,095,51095
1821,51,103,51103
1822,49,037,49037
1823,51,119,51119
1824,72,027,72027
1825,72,035,72035
1826,72,041,72041
1827,72,043,72043
1828,72,053,72053
1829,72,055,72055
1830,72,059,72059
1831,72,067,72067
1832,72,073,72073
1833,50,025,50025
1834,72,005,72005
1835,53,037,53037
1836,53,039,53039
1837,53,059,53059
1838,53,075,53075
1839,54,017,54017
1840,54,029,54029
1841,54,043,54043
1842,54,055,54055
1843,54,073,54073
1844,54,085,54085
1845,54,095,54095
1846,51,057,51057
1847,72,079,72079
1848,72,081,72081
1849,72,089,72089
1850,72,095,72095
1851,72,101,72101
1852,72,103,72103
1853,72,109,72109
1854,72,117,72117
1855,72,119,72119
1856,72,125,72125
1857,72,131,72131
1858,72,137,72137
1859,72,143,72143
1860,51,115,51115
1861,22,095,22095
1862,22,111,22111
1863,21,001,21001
1864,21,005,21005
1865,21,007,21007
1866,21,019,21019
1867,21,037,21037
1868,21,049,21049
1869,21,061,21061
1870,21,069,21069
1871,21,081,21081
1872,21,093,21093
1873,21,109,21109
1874,21,125,21125
1875,21,131,21131
1876,72,075,72075
1877,40,037,40037
1878,40,047,40047
1879,37,183,37183
1880,37,187,37187
1881,38,003,38003
1882,38,013,38013
1883,38,025,38025
1884,38,041,38041
1885,38,055,38055
1886,38,069,38069
1887,38,087,38087
1888,38,095,38095
1889,39,009,39009
1890,39,021,39021
1891,54,109,54109
1892,55,015,55015
1893,55,027,55027
1894,49,027,49027
1895,49,033,49033
1896,49,041,49041
1897,49,055,49055
1898,50,013,50013
1899,51,003,51003
1900,51,009,51009
1901,51,023,51023
1902,51,035,51035
1903,51,053,51053
1904,51,065,51065
1905,72,147,72147
1906,72,151,72151
1907,72,153,72153
1908,01,003,01003
1909,01,027,01027
1910,01,041,01041
1911,01,057,01057
1912,01,073,01073
1913,01,091,01091
1914,01,103,01103
1915,01,115,01115
1916,01,129,01129
1917,21,147,21147
1918,21,165,21165
1919,21,181,21181
1920,19,041,19041
1921,19,043,19043
1922,19,049,19049
1923,19,057,19057
1924,19,073,19073
1925,19,081,19081
1926,19,091,19091
1927,19,099,19099
1928,19,115,19115
1929,19,131,19131
1930,19,147,19147
1931,19,157,19157
1932,19,165,19165
1933,19,179,19179
1934,19,187,19187
1935,19,197,19197
1936,39,031,39031
1937,39,045,39045
1938,35,013,35013
1939,35,017,35017
1940,35,037,35037
1941,35,059,35059
1942,36,017,36017
1943,36,031,36031
1944,36,049,36049
1945,36,065,36065
1946,36,077,36077
1947,51,079,51079
1948,12,129,12129
1949,13,011,13011
1950,13,019,13019
1951,13,027,13027
1952,13,033,13033
1953,13,039,13039
1954,13,051,13051
1955,13,061,13061
1956,02,240,02240
1957,05,149,05149
1958,06,011,06011
1959,06,027,06027
1960,06,047,06047
1961,06,063,06063
1962,06,077,06077
1963,06,091,06091
1964,06,107,06107
1965,08,011,08011
1966,08,019,08019
1967,08,027,08027
1968,20,013,20013
1969,20,023,20023
1970,27,071,27071
1971,27,079,27079
1972,27,087,27087
1973,27,101,27101
1974,27,107,27107
1975,27,125,27125
1976,27,131,27131
1977,27,143,27143
1978,27,159,27159
1979,27,169,27169
1980,28,007,28007
1981,28,023,28023
1982,28,035,28035
1983,28,043,28043
1984,36,091,36091
1985,36,101,36101
1986,36,113,36113
1987,42,011,42011
1988,42,019,42019
1989,42,025,42025
1990,42,037,42037
1991,42,053,42053
1992,42,057,42057
1993,42,075,42075
1994,42,081,42081
1995,42,099,42099
1996,42,117,42117
1997,42,131,42131
1998,72,149,72149
1999,01,005,01005
2000,01,013,01013
2001,01,019,01019
2002,06,041,06041
2003,06,053,06053
2004,06,061,06061
2005,02,090,02090
2006,08,041,08041
2007,08,049,08049
2008,12,085,12085
2009,12,093,12093
2010,12,105,12105
2011,12,121,12121
2012,12,133,12133
2013,13,007,13007
2014,13,021,13021
2015,13,035,13035
2016,13,047,13047
2017,13,065,13065
2018,13,075,13075
2019,28,057,28057
2020,28,069,28069
2021,22,119,22119
2022,22,125,22125
2023,23,017,23017
2024,24,015,24015
2025,24,027,24027
2026,25,001,25001
2027,25,003,25003
2028,25,027,25027
2029,26,025,26025
2030,26,039,26039
2031,26,049,26049
2032,44,007,44007
2033,45,021,45021
2034,45,033,45033
2035,45,045,45045
2036,47,009,47009
2037,47,019,47019
2038,47,037,47037
2039,47,051,47051
2040,47,063,47063
2041,47,075,47075
2042,47,085,47085
2043,47,099,47099
2044,47,113,47113
2045,47,127,47127
2046,06,019,06019
2047,06,023,06023
2048,06,035,06035
2049,06,037,06037
2050,13,085,13085
2051,13,099,13099
2052,13,117,13117
2053,08,051,08051
2054,08,055,08055
2055,08,065,08065
2056,08,079,08079
2057,08,089,08089
2058,08,101,08101
2059,08,117,08117
2060,09,005,09005
2061,12,007,12007
2062,12,019,12019
2063,12,027,12027
2064,12,035,12035
2065,26,059,26059
2066,26,063,26063
2067,26,113,26113
2068,26,119,26119
2069,26,129,26129
2070,26,137,26137
2071,26,149,26149
2072,27,005,27005
2073,27,013,27013
2074,27,023,27023
2075,27,033,27033
2076,27,047,27047
2077,27,061,27061
2078,29,095,29095
2079,47,133,47133
2080,47,145,47145
2081,47,159,47159
2082,47,165,47165
2083,45,047,45047
2084,45,051,45051
2085,45,059,45059
2086,45,069,45069
2087,45,087,45087
2088,46,015,46015
2089,46,025,46025
2090,46,037,46037
2091,46,049,46049
2092,46,057,46057
2093,46,067,46067
2094,46,077,46077
2095,51,097,51097
2096,51,109,51109
2097,01,035,01035
2098,01,039,01039
2099,01,049,01049
2100,01,053,01053
2101,01,063,01063
2102,01,069,01069
2103,01,075,01075
2104,01,077,01077
2105,12,047,12047
2106,12,067,12067
2107,12,077,12077
2108,04,001,04001
2109,04,007,04007
2110,04,019,04019
2111,05,011,05011
2112,05,023,05023
2113,05,037,05037
2114,05,039,05039
2115,05,055,05055
2116,05,065,05065
2117,05,079,05079
2118,29,099,29099
2119,29,115,29115
2120,29,121,29121
2121,29,135,29135
2122,29,145,29145
2123,29,163,29163
2124,29,173,29173
2125,29,185,29185
2126,29,201,29201
2127,29,215,29215
2128,29,223,29223
2129,30,007,30007
2130,30,021,30021
2131,30,031,30031
2132,46,091,46091
2133,46,107,46107
2134,46,119,46119
2135,46,129,46129
2136,40,057,40057
2137,40,061,40061
2138,40,069,40069
2139,40,075,40075
2140,40,093,40093
2141,40,103,40103
2142,40,115,40115
2143,40,133,40133
2144,40,141,40141
2145,41,009,41009
2146,06,067,06067
2147,06,071,06071
2148,06,111,06111
2149,08,005,08005
2150,05,109,05109
2151,05,117,05117
2152,05,135,05135
2153,13,307,13307
2154,13,311,13311
2155,13,315,13315
2156,15,005,15005
2157,16,005,16005
2158,16,027,16027
2159,16,039,16039
2160,16,063,16063
2161,16,075,16075
2162,17,001,17001
2163,17,017,17017
2164,30,047,30047
2165,31,123,31123
2166,31,127,31127
2167,31,143,31143
2168,31,153,31153
2169,31,167,31167
2170,31,179,31179
2171,31,185,31185
2172,32,011,32011
2173,32,027,32027
2174,33,005,33005
2175,33,017,33017
2176,34,027,34027
2177,34,037,34037
2178,41,023,41023
2179,41,047,41047
2180,41,061,41061
2181,42,009,42009
2182,48,355,48355
2183,48,363,48363
2184,48,373,48373
2185,48,389,48389
2186,48,405,48405
2187,48,413,48413
2188,48,421,48421
2189,48,439,48439
2190,48,455,48455
2191,48,471,48471
2192,13,083,13083
2193,13,089,13089
2194,13,097,13097
2195,13,105,13105
2196,13,111,13111
2197,13,121,13121
2198,08,067,08067
2199,08,071,08071
2200,05,095,05095
2201,17,025,17025
2202,17,039,17039
2203,17,045,17045
2204,17,061,17061
2205,17,069,17069
2206,18,049,18049
2207,18,053,18053
2208,18,063,18063
2209,18,075,18075
2210,18,093,18093
2211,18,099,18099
2212,18,113,18113
2213,18,119,18119
2214,18,133,18133
2215,18,145,18145
2216,18,157,18157
2217,35,011,35011
2218,30,049,30049
2219,30,053,30053
2220,30,075,30075
2221,30,085,30085
2222,31,001,31001
2223,31,005,31005
2224,31,017,31017
2225,31,027,31027
2226,31,041,31041
2227,31,059,31059
2228,31,069,31069
2229,31,077,31077
2230,31,089,31089
2231,48,481,48481
2232,48,493,48493
2233,48,503,48503
2234,49,005,49005
2235,49,017,49017
2236,47,183,47183
2237,47,187,47187
2238,48,003,48003
2239,48,019,48019
2240,48,027,48027
2241,48,041,48041
2242,48,059,48059
2243,48,075,48075
2244,48,083,48083
2245,48,089,48089
2246,02,100,02100
2247,02,170,02170
2248,06,001,06001
2249,01,105,01105
2250,01,111,01111
2251,01,113,01113
2252,01,123,01123
2253,18,165,18165
2254,19,003,19003
2255,19,013,19013
2256,19,025,19025
2257,19,035,19035
2258,17,071,17071
2259,17,075,17075
2260,17,087,17087
2261,17,095,17095
2262,17,113,17113
2263,17,123,17123
2264,17,135,17135
2265,17,151,17151
2266,17,163,17163
2267,17,187,17187
2268,17,199,17199
2269,31,107,31107
2270,28,077,28077
2271,28,081,28081
2272,28,085,28085
2273,28,087,28087
2274,28,107,28107
2275,28,123,28123
2276,28,133,28133
2277,28,145,28145
2278,28,159,28159
2279,29,003,29003
2280,29,015,29015
2281,29,027,29027
2282,29,039,29039
2283,29,049,29049
2284,29,059,29059
2285,29,071,29071
2286,48,107,48107
2287,48,119,48119
2288,48,131,48131
2289,48,143,48143
2290,48,153,48153
2291,48,163,48163
2292,48,171,48171
2293,48,173,48173
2294,48,175,48175
2295,48,183,48183
2296,48,187,48187
2297,48,205,48205
2298,48,209,48209
2299,48,219,48219
2300,48,231,48231
2301,48,241,48241
2302,48,255,48255
2303,48,269,48269
2304,48,279,48279
2305,48,289,48289
2306,08,033,08033
2307,08,039,08039
2308,08,045,08045
2309,06,079,06079
2310,06,093,06093
2311,06,097,06097
2312,06,105,06105
2313,06,017,06017
2314,18,005,18005
2315,18,017,18017
2316,18,027,18027
2317,18,041,18041
2318,18,043,18043
2319,13,127,13127
2320,13,133,13133
2321,13,143,13143
2322,13,153,13153
2323,13,163,13163
2324,13,183,13183
2325,13,193,13193
2326,13,207,13207
2327,13,219,13219
2328,13,227,13227
2329,13,237,13237
2330,13,249,13249
2331,29,083,29083
2332,29,093,29093
2333,37,003,37003
2334,37,007,37007
2335,37,009,37009
2336,37,033,37033
2337,37,045,37045
2338,37,063,37063
2339,37,073,37073
2340,37,085,37085
2341,37,097,37097
2342,37,109,37109
2343,37,123,37123
2344,37,133,37133
2345,37,145,37145
2346,48,299,48299
2347,48,313,48313
2348,48,325,48325
2349,48,335,48335
2350,48,343,48343
2351,51,127,51127
2352,51,133,51133
2353,51,167,51167
2354,51,179,51179
2355,51,515,51515
2356,51,590,51590
2357,51,620,51620
2358,51,680,51680
2359,51,720,51720
2360,51,740,51740
2361,51,830,51830
2362,12,086,12086
2363,12,103,12103
2364,12,123,12123
2365,13,259,13259
2366,13,271,13271
2367,13,283,13283
2368,13,297,13297
2369,20,025,20025
2370,20,031,20031
2371,20,033,20033
2372,20,045,20045
2373,20,055,20055
2374,20,069,20069
2375,20,081,20081
2376,20,093,20093
2377,20,101,20101
2378,20,111,20111
2379,20,123,20123
2380,20,133,20133
2381,20,139,20139
2382,20,151,20151
2383,20,159,20159
2384,20,169,20169
2385,37,157,37157
2386,37,173,37173
2387,37,179,37179
2388,39,059,39059
2389,39,069,39069
2390,39,083,39083
2391,39,091,39091
2392,39,103,39103
2393,39,115,39115
2394,39,127,39127
2395,39,137,39137
2396,39,153,39153
2397,39,165,39165
2398,40,005,40005
2399,40,015,40015
2400,40,027,40027
2401,53,011,53011
2402,53,035,53035
2403,55,053,55053
2404,55,067,55067
2405,55,078,55078
2406,55,087,55087
2407,55,099,55099
2408,55,109,55109
2409,55,121,55121
2410,55,135,55135
2411,56,005,56005
2412,56,015,56015
2413,56,041,56041
2414,01,127,01127
2415,01,133,01133
2416,02,016,02016
2417,02,060,02060
2418,72,017,72017
2419,72,021,72021
2420,72,029,72029
2421,72,039,72039
2422,72,051,72051
2423,72,063,72063
2424,72,077,72077
2425,72,085,72085
2426,72,099,72099
2427,72,111,72111
2428,72,123,72123
2429,72,139,72139
2430,20,179,20179
2431,20,191,20191
2432,20,209,20209
2433,21,185,21185
2434,21,197,21197
2435,21,203,21203
2436,21,215,21215
2437,21,227,21227
2438,21,235,21235
2439,22,007,22007
2440,22,021,22021
2441,22,025,22025
2442,22,047,22047
2443,22,059,22059
2444,22,067,22067
2445,22,083,22083
2446,48,101,48101
2447,48,105,48105
2448,48,109,48109
2449,48,111,48111
2450,48,113,48113
2451,48,121,48121
2452,48,125,48125
2453,48,133,48133
2454,48,139,48139
2455,48,145,48145
2456,48,147,48147
2457,48,151,48151
2458,48,157,48157
2459,48,181,48181
2460,48,189,48189
2461,48,193,48193
2462,48,345,48345
2463,48,347,48347
2464,48,351,48351
2465,51,135,51135
2466,51,137,51137
2467,51,139,51139
2468,51,143,51143
2469,51,153,51153
2470,51,163,51163
2471,51,169,51169
2472,51,171,51171
2473,51,181,51181
2474,51,183,51183
2475,53,033,53033
2476,55,035,55035
2477,55,037,55037
2478,55,041,55041
2479,55,043,55043
2480,55,047,55047
2481,55,049,55049
2482,55,055,55055
2483,55,057,55057
2484,55,059,55059
2485,56,027,56027
2486,56,029,56029
2487,56,035,56035
2488,56,037,56037
2489,56,043,56043
2490,72,001,72001
2491,72,007,72007
2492,72,011,72011
2493,53,043,53043
2494,53,051,53051
2495,53,053,53053
2496,48,197,48197
2497,48,199,48199
2498,48,201,48201
2499,48,203,48203
2500,48,211,48211
2501,48,213,48213
2502,48,215,48215
2503,48,223,48223
2504,48,235,48235
2505,48,237,48237
2506,48,239,48239
2507,48,243,48243
2508,48,249,48249
2509,48,253,48253
2510,48,259,48259
2511,51,185,51185
2512,51,191,51191
2513,51,195,51195
2514,51,520,51520
2515,51,550,51550
2516,51,580,51580
2517,51,610,51610
2518,51,640,51640
2519,51,678,51678
2520,51,683,51683
2521,51,685,51685
2522,51,710,51710
2523,51,730,51730
2524,51,750,51750
2525,51,790,51790
2526,55,065,55065
2527,55,075,55075
2528,55,077,55077
2529,55,083,55083
2530,55,085,55085
2531,55,091,55091
2532,55,093,55093
2533,55,097,55097
2534,53,063,53063
2535,53,067,53067
2536,53,069,53069
2537,53,077,53077
2538,54,003,54003
2539,54,005,54005
2540,54,009,54009
2541,54,011,54011
2542,54,015,54015
2543,54,019,54019
2544,12,037,12037
2545,12,057,12057
2546,12,065,12065
2547,08,093,08093
2548,08,099,08099
2549,08,107,08107
2550,08,113,08113
2551,08,115,08115
2552,05,125,05125
2553,05,131,05131
2554,05,139,05139
2555,02,290,02290
2556,18,171,18171
2557,18,177,18177
2558,19,005,19005
2559,17,059,17059
2560,17,067,17067
2561,18,061,18061
2562,18,073,18073
2563,18,081,18081
2564,18,083,18083
2565,18,089,18089
2566,18,107,18107
2567,20,121,20121
2568,20,129,20129
2569,20,137,20137
2570,20,147,20147
2571,20,153,20153
2572,20,161,20161
2573,20,175,20175
2574,22,065,22065
2575,09,001,09001
2576,05,021,05021
2577,21,119,21119
2578,21,127,21127
2579,21,133,21133
2580,21,141,21141
2581,21,149,21149
2582,21,155,21155
2583,04,015,04015
2584,21,163,21163
2585,21,177,21177
2586,19,051,19051
2587,19,065,19065
2588,19,071,19071
2589,19,083,19083
2590,19,085,19085
2591,19,097,19097
2592,19,109,19109
2593,18,111,18111
2594,19,119,19119
2595,19,133,19133
2596,19,143,19143
2597,19,167,19167
2598,19,173,19173
2599,19,185,19185
2600,19,191,19191
2601,20,001,20001
2602,20,007,20007
2603,20,011,20011
2604,22,071,22071
2605,27,075,27075
2606,21,161,21161
2607,27,123,27123
2608,27,135,27135
2609,27,151,27151
2610,27,155,27155
2611,27,165,27165
2612,27,167,27167
2613,27,173,27173
2614,28,001,28001
2615,28,019,28019
2616,28,025,28025
2617,28,027,28027
2618,19,117,19117
2619,37,053,37053
2620,37,079,37079
2621,37,089,37089
2622,42,035,42035
2623,42,041,42041
2624,20,021,20021
2625,28,055,28055
2626,28,063,28063
2627,28,071,28071
2628,23,001,23001
2629,23,003,23003
2630,22,087,22087
2631,38,015,38015
2632,38,021,38021
2633,38,023,38023
2634,38,033,38033
2635,38,049,38049
2636,28,047,28047
2637,28,105,28105
2638,28,111,28111
2639,28,113,28113
2640,28,125,28125
2641,28,131,28131
2642,35,047,35047
2643,35,051,35051
2644,35,055,35055
2645,36,001,36001
2646,36,005,36005
2647,42,043,42043
2648,42,059,42059
2649,42,065,42065
2650,42,071,42071
2651,42,077,42077
2652,42,083,42083
2653,41,035,41035
2654,23,005,23005
2655,45,029,45029
2656,45,041,45041
2657,45,043,45043
2658,47,023,47023
2659,38,051,38051
2660,38,057,38057
2661,40,067,40067
2662,40,077,40077
2663,40,079,40079
2664,40,089,40089
2665,40,095,40095
2666,40,105,40105
2667,40,113,40113
2668,36,015,36015
2669,36,023,36023
2670,36,025,36025
2671,36,029,36029
2672,40,139,40139
2673,40,151,40151
2674,41,001,41001
2675,41,007,41007
2676,41,041,41041
2677,31,139,31139
2678,31,145,31145
2679,19,029,19029
2680,19,037,19037
2681,17,083,17083
2682,17,085,17085
2683,17,097,17097
2684,17,115,17115
2685,17,119,17119
2686,47,039,47039
2687,47,043,47043
2688,47,053,47053
2689,47,055,47055
2690,23,013,23013
2691,23,019,23019
2692,23,025,23025
2693,40,121,40121
2694,40,129,40129
2695,24,045,24045
2696,25,025,25025
2697,26,001,26001
2698,41,015,41015
2699,41,025,41025
2700,26,089,26089
2701,26,105,26105
2702,28,147,28147
2703,42,107,42107
2704,42,127,42127
2705,42,129,42129
2706,49,015,49015
2707,49,021,49021
2708,49,025,49025
2709,47,029,47029
2710,23,027,23027
2711,31,157,31157
2712,31,165,31165
2713,31,175,31175
2714,31,177,31177
2715,32,001,32001
2716,32,003,32003
2717,26,011,26011
2718,30,067,30067
2719,30,073,30073
2720,30,079,30079
2721,30,081,30081
2722,30,089,30089
2723,30,095,30095
2724,26,109,26109
2725,28,149,28149
2726,28,161,28161
2727,29,005,29005
2728,29,011,29011
2729,29,019,29019
2730,29,025,29025
2731,39,085,39085
2732,39,095,39095
2733,44,009,44009
2734,45,011,45011
2735,45,013,45013
2736,32,015,32015
2737,32,019,32019
2738,32,029,32029
2739,39,111,39111
2740,39,113,39113
2741,39,123,39123
2742,39,145,39145
2743,39,155,39155
2744,30,103,30103
2745,30,105,30105
2746,38,077,38077
2747,38,085,38085
2748,38,099,38099
2749,38,105,38105
2750,29,031,29031
2751,29,037,29037
2752,36,047,36047
2753,36,053,36053
2754,36,061,36061
2755,36,067,36067
2756,41,045,41045
2757,41,055,41055
2758,41,057,41057
2759,41,063,41063
2760,41,067,41067
2761,29,101,29101
2762,29,107,29107
2763,29,113,29113
2764,29,123,29123
2765,29,127,29127
2766,39,163,39163
2767,47,073,47073
2768,47,079,47079
2769,47,089,47089
2770,47,091,47091
2771,47,097,47097
2772,47,103,47103
2773,47,115,47115
2774,47,121,47121
2775,47,123,47123
2776,47,131,47131
2777,39,007,39007
2778,48,371,48371
2779,48,377,48377
2780,48,391,48391
2781,48,401,48401
2782,48,407,48407
2783,48,409,48409
2784,36,079,36079
2785,48,443,48443
2786,48,461,48461
2787,48,465,48465
2788,48,473,48473
2789,48,479,48479
2790,48,487,48487
2791,48,495,48495
2792,48,501,48501
2793,48,505,48505
2794,49,003,49003
2795,48,005,48005
2796,48,007,48007
2797,48,037,48037
2798,48,043,48043
2799,29,183,29183
2800,29,189,29189
2801,29,199,29199
2802,24,005,24005
2803,24,025,24025
2804,26,013,26013
2805,26,029,26029
2806,30,111,30111
2807,31,015,31015
2808,31,021,31021
2809,26,121,26121
2810,26,127,26127
2811,26,139,26139
2812,26,141,26141
2813,26,151,26151
2814,26,153,26153
2815,45,019,45019
2816,46,071,46071
2817,46,081,46081
2818,46,083,46083
2819,46,089,46089
2820,46,099,46099
2821,46,105,46105
2822,46,109,46109
2823,33,001,33001
2824,33,007,33007
2825,33,011,33011
2826,33,013,33013
2827,34,001,34001
2828,34,005,34005
2829,34,011,34011
2830,31,031,31031
2831,31,043,31043
2832,31,049,31049
2833,31,055,31055
2834,31,061,31061
2835,31,067,31067
2836,39,035,39035
2837,39,051,39051
2838,39,053,39053
2839,29,063,29063
2840,29,069,29069
2841,29,081,29081
2842,29,089,29089
2843,29,091,29091
2844,37,015,37015
2845,37,023,37023
2846,37,029,37029
2847,37,031,37031
2848,29,133,29133
2849,29,143,29143
2850,29,149,29149
2851,29,155,29155
2852,29,165,29165
2853,37,101,37101
2854,37,107,37107
2855,37,113,37113
2856,37,119,37119
2857,37,125,37125
2858,40,001,40001
2859,40,007,40007
2860,40,021,40021
2861,40,023,40023
2862,40,033,40033
2863,40,041,40041
2864,40,051,40051
2865,37,189,37189
2866,48,051,48051
2867,35,023,35023
2868,35,029,35029
2869,35,031,35031
2870,35,035,35035
2871,47,153,47153
2872,47,157,47157
2873,47,163,47163
2874,47,171,47171
2875,47,181,47181
2876,45,057,45057
2877,36,085,36085
2878,36,097,36097
2879,36,105,36105
2880,36,111,36111
2881,36,115,36115
2882,36,119,36119
2883,45,091,45091
2884,46,009,46009
2885,46,013,46013
2886,46,021,46021
2887,29,209,29209
2888,29,217,29217
2889,29,227,29227
2890,30,001,30001
2891,37,171,37171
2892,37,177,37177
2893,39,067,39067
2894,39,073,39073
2895,39,079,39079
2896,48,057,48057
2897,48,071,48071
2898,48,093,48093
2899,48,097,48097
2900,24,510,24510
2901,45,063,45063
2902,45,067,45067
2903,45,077,45077
2904,26,053,26053
2905,46,027,46027
2906,46,031,46031
2907,46,047,46047
2908,46,053,46053
2909,27,007,27007
2910,27,015,27015
2911,27,021,27021
2912,27,027,27027
2913,46,123,46123
2914,46,135,46135
2915,30,011,30011
2916,30,017,30017
2917,30,025,30025
2918,30,027,30027
2919,30,033,30033
2920,30,039,30039
2921,30,045,30045
2922,31,131,31131
2923,25,005,25005
2924,25,009,25009
2925,25,019,25019
2926,34,023,34023
2927,26,055,26055
2928,31,091,31091
2929,31,095,31095
2930,31,103,31103
2931,31,111,31111
2932,28,089,28089
2933,28,093,28093
2934,27,031,27031
2935,27,049,27049
2936,27,055,27055
2937,37,049,37049
2938,37,051,37051
2939,37,131,37131
2940,37,137,37137
2941,37,149,37149
2942,37,155,37155
2943,42,091,42091
2944,42,097,42097
2945,42,103,42103
2946,34,025,34025
2947,34,039,34039
2948,35,003,35003
2949,35,005,35005
2950,35,009,35009
2951,30,061,30061
2952,38,001,38001
2953,09,011,09011
2954,10,001,10001
2955,10,003,10003
2956,12,009,12009
2957,12,075,12075
2958,05,031,05031
2959,05,035,05035
2960,05,041,05041
2961,05,057,05057
2962,05,063,05063
2963,05,069,05069
2964,05,075,05075
2965,05,077,05077
2966,04,025,04025
2967,05,005,05005
2968,05,007,05007
2969,16,073,16073
2970,16,085,16085
2971,16,087,16087
2972,17,013,17013
2973,17,021,17021
2974,17,027,17027
2975,16,031,16031
2976,16,035,16035
2977,16,037,16037
2978,16,049,16049
2979,16,059,16059
2980,18,023,18023
2981,02,282,02282
2982,12,021,12021
2983,12,033,12033
2984,15,003,15003
2985,16,007,16007
2986,16,011,16011
2987,16,013,16013
2988,05,105,05105
2989,05,107,05107
2990,05,119,05119
2991,17,031,17031
2992,18,123,18123
2993,18,129,18129
2994,18,143,18143
2995,18,147,18147
2996,18,155,18155
2997,18,163,18163
2998,18,029,18029
2999,18,037,18037
3000,18,039,18039
3001,13,135,13135
3002,13,145,13145
3003,13,151,13151
3004,13,161,13161
3005,13,167,13167
3006,13,177,13177
3007,13,179,13179
3008,20,107,20107
3009,20,117,20117
3010,17,149,17149
3011,17,157,17157
3012,17,161,17161
3013,17,171,17171
3014,17,173,17173
3015,17,181,17181
3016,17,185,17185
3017,17,193,17193
3018,17,201,17201
3019,13,287,13287
3020,13,291,13291
3021,13,299,13299
3022,21,105,21105
3023,48,273,48273
3024,48,311,48311
3025,48,315,48315
3026,48,321,48321
3027,48,337,48337
3028,54,047,54047
3029,54,057,54057
3030,54,063,54063
3031,54,071,54071
3032,54,077,54077
3033,51,059,51059
3034,51,071,51071
3035,51,077,51077
3036,51,083,51083
3037,51,089,51089
3038,51,093,51093
3039,51,099,51099
3040,51,105,51105
3041,21,033,21033
3042,13,305,13305
3043,51,117,51117
3044,72,023,72023
3045,72,033,72033
3046,72,037,72037
3047,72,047,72047
3048,72,049,72049
3049,72,057,72057
3050,72,065,72065
3051,53,007,53007
3052,72,087,72087
3053,72,091,72091
3054,72,097,72097
3055,72,107,72107
3056,72,113,72113
3057,72,121,72121
3058,72,127,72127
3059,72,133,72133
3060,72,141,72141
3061,48,117,48117
3062,48,261,48261
3063,48,135,48135
3064,48,141,48141
3065,48,155,48155
3066,48,161,48161
3067,48,165,48165
3068,51,107,51107
3069,51,131,51131
3070,51,147,51147
3071,51,149,51149
3072,51,159,51159
3073,51,161,51161
3074,51,165,51165
3075,51,175,51175
3076,51,177,51177
3077,72,071,72071
3078,55,061,55061
3079,56,039,56039
3080,72,003,72003
3081,72,009,72009
3082,72,015,72015
3083,53,047,53047
3084,48,129,48129
3085,48,167,48167
3086,48,221,48221
3087,48,225,48225
3088,48,229,48229
3089,48,245,48245
3090,48,257,48257
3091,51,193,51193
3092,51,199,51199
3093,53,031,53031
3094,55,031,55031
3095,55,051,55051
3096,53,049,53049
3097,51,570,51570
3098,51,630,51630
3099,51,650,51650
3100,51,700,51700
3101,51,735,51735
3102,51,770,51770
3103,55,071,55071
3104,55,079,55079
3105,55,089,55089
3106,53,055,53055
3107,53,061,53061
3108,53,071,53071
3109,53,073,53073
3110,22,039,22039
3111,27,139,27139
3112,31,113,31113
3113,37,043,37043
3114,39,057,39057
3115,36,009,36009
3116,47,169,47169
3117,46,073,46073
3118,48,365,48365
3119,48,207,48207
3120,51,690,51690
3121,55,131,55131
3122,54,067,54067
3123,51,087,51087
3124,01,043,01043
3125,01,109,01109
3126,09,009,09009
3127,05,049,05049
3128,05,127,05127
3129,21,117,21117
3130,19,123,19123
3131,47,015,47015
3132,38,011,38011
3133,38,083,38083
3134,48,375,48375
3135,31,065,31065
3136,28,135,28135
3137,41,019,41019
3138,29,013,29013
3139,55,001,55001
3140,53,057,53057
3141,06,085,06085
3142,13,017,13017
3143,18,047,18047
3144,22,123,22123
3145,26,067,26067
3146,37,185,37185
3147,45,015,45015
3148,13,045,13045
3149,37,093,37093
3150,20,149,20149
3151,28,033,28033
3152,42,001,42001
3153,37,161,37161
3154,21,051,21051
3155,13,245,13245
3156,13,251,13251
3157,13,261,13261
3158,13,263,13263
3159,13,273,13273
3160,20,193,20193
3161,20,199,20199
3162,20,201,20201
3163,21,195,21195
3164,21,211,21211
3165,21,213,21213
3166,21,223,21223
3167,21,225,21225
3168,20,037,20037
3169,20,043,20043
3170,20,061,20061
3171,20,067,20067
3172,20,071,20071
3173,20,083,20083
3174,20,089,20089
3175,22,019,22019
3176,22,027,22027
3177,22,029,22029
3178,22,037,22037
3179,53,009,53009
3180,53,027,53027
3181,55,105,55105
3182,55,117,55117
3183,55,127,55127
3184,55,009,55009
3185,49,047,49047
3186,49,053,49053
3187,50,001,50001
3188,50,009,50009
3189,50,017,50017
3190,50,023,50023
3191,22,003,22003
3192,22,009,22009
3193,22,101,22101
3194,22,107,22107
3195,22,109,22109
3196,21,021,21021
3197,21,023,21023
3198,22,045,22045
3199,21,047,21047
3200,21,055,21055
3201,21,059,21059
3202,21,073,21073
3203,21,075,21075
3204,21,089,21089
3205,21,095,21095
3206,55,137,55137
3207,56,001,56001
3208,56,007,56007
3209,56,011,56011
3210,56,013,56013
3211,56,021,56021
3212,54,031,54031
3213,54,035,54035
3214,54,041,54041
3215,50,027,50027
3216,51,001,51001
3217,51,021,51021
3218,51,027,51027
3219,51,037,51037
3220,51,041,51041
