datetime,year,counts,temp_rank,shape
1906-11-11 00:00:00,1906,1.0,1.0,other
1910-01-02 00:00:00,1910,1.0,1.0,disk
1910-06-01 15:00:00,1910,1.0,2.0,cigar
1916-04-05 13:00:00,1916,1.0,1.0,cigar
1920-06-11 21:00:00,1920,1.0,1.0,unknown
1925-12-28 18:00:00,1925,1.0,1.0,disk
1929-07-05 14:00:00,1929,1.0,1.0,disk
1930-06-01 22:00:00,1930,1.0,1.0,triangle
1931-02-15 14:00:00,1931,1.0,1.0,oval
1931-06-01 13:00:00,1931,1.0,2.0,disk
1933-04-18 19:00:00,1933,1.0,1.0,light
1934-09-15 15:30:00,1934,1.0,1.0,disk
1936-09-15 19:00:00,1936,1.0,1.0,rectangle
1936-10-15 17:00:00,1936,1.0,2.0,cigar
1937-06-16 00:00:00,1937,1.0,1.0,cylinder
1937-08-15 21:00:00,1937,1.0,2.0,light
1939-06-01 20:00:00,1939,1.0,1.0,fireball
1939-06-30 20:00:00,1939,1.0,2.0,sphere
1939-07-07 02:00:00,1939,1.0,3.0,oval
1941-06-01 13:00:00,1941,1.0,1.0,disk
1942-06-01 22:30:00,1942,1.0,1.0,unknown
1942-07-15 01:00:00,1942,1.0,2.0,rectangle
1943-01-18 07:15:00,1943,,,
1943-04-30 23:00:00,1943,1.0,1.0,other
1943-06-01 15:00:00,1943,1.0,2.0,disk
1943-06-01 19:00:00,1943,1.0,3.0,cigar
1943-06-08 14:00:00,1943,2.0,7.0,light
1943-08-13 22:00:00,1943,1.0,4.0,sphere
1943-08-15 00:00:00,1943,1.0,5.0,unknown
1943-10-15 11:00:00,1943,1.0,6.0,rectangle
1944-01-01 12:00:00,1944,2.0,4.0,cigar
1944-04-02 11:00:00,1944,4.0,5.0,disk
1944-06-01 19:00:00,1944,1.0,1.0,circle
1944-07-01 20:00:00,1944,1.0,2.0,sphere
1944-07-15 13:00:00,1944,1.0,3.0,cylinder
1945-04-01 10:00:00,1945,4.0,5.0,disk
1945-06-01 13:30:00,1945,1.0,1.0,fireball
1945-07-10 01:30:00,1945,1.0,2.0,formation
1945-07-15 14:00:00,1945,2.0,4.0,sphere
1945-08-16 11:30:00,1945,1.0,3.0,oval
1946-01-08 02:00:00,1946,3.0,7.0,disk
1946-02-01 17:00:00,1946,2.0,6.0,sphere
1946-06-15 14:00:00,1946,1.0,1.0,cigar
1946-06-30 21:00:00,1946,1.0,2.0,fireball
1946-07-01 13:30:00,1946,1.0,3.0,oval
1946-09-13 00:00:00,1946,1.0,4.0,formation
1946-09-30 20:30:00,1946,1.0,5.0,flash
1947-01-01 17:00:00,1947,4.0,9.0,circle
1947-01-10 20:00:00,1947,3.0,6.0,other
1947-01-15 10:00:00,1947,11.0,11.0,disk
1947-04-15 23:00:00,1947,1.0,1.0,triangle
1947-06-01 02:30:00,1947,1.0,2.0,light
1947-06-01 18:00:00,1947,,,
1947-06-02 00:00:00,1947,4.0,10.0,unknown
1947-06-30 18:00:00,1947,3.0,7.0,oval
1947-07-01 20:00:00,1947,2.0,4.0,formation
1947-07-14 10:30:00,1947,3.0,8.0,cigar
1947-07-15 15:00:00,1947,2.0,5.0,cylinder
1947-07-15 21:00:00,1947,1.0,3.0,chevron
1948-05-10 19:00:00,1948,1.0,1.0,sphere
1948-06-02 00:00:00,1948,1.0,2.0,rectangle
1948-06-15 16:00:00,1948,1.0,3.0,disk
1948-06-30 00:00:00,1948,2.0,5.0,oval
1948-07-15 22:00:00,1948,1.0,4.0,light
1948-08-01 02:00:00,1948,2.0,6.0,circle
1949-04-10 15:00:00,1949,5.0,8.0,disk
1949-05-01 14:00:00,1949,2.0,5.0,other
1949-05-15 06:30:00,1949,3.0,7.0,light
1949-07-01 16:00:00,1949,1.0,1.0,formation
1949-07-15 20:30:00,1949,1.0,2.0,unknown
1949-08-15 00:00:00,1949,2.0,6.0,circle
1949-10-10 20:30:00,1949,1.0,3.0,cylinder
1949-10-15 20:00:00,1949,1.0,4.0,cigar
1950-01-02 00:00:00,1950,4.0,8.0,oval
1950-04-15 08:00:00,1950,13.0,9.0,disk
1950-06-12 10:30:00,1950,1.0,1.0,circle
1950-06-20 17:00:00,1950,2.0,5.0,sphere
1950-06-30 17:30:00,1950,3.0,7.0,light
1950-07-02 13:00:00,1950,1.0,2.0,cigar
1950-07-15 23:00:00,1950,1.0,3.0,formation
1950-08-01 04:00:00,1950,2.0,6.0,other
1950-10-15 15:00:00,1950,1.0,4.0,triangle
1951-01-20 04:30:00,1951,4.0,5.0,cigar
1951-02-03 22:00:00,1951,9.0,6.0,disk
1951-06-03 13:00:00,1951,1.0,1.0,oval
1951-06-30 19:00:00,1951,1.0,2.0,unknown
1951-07-01 14:00:00,1951,,,
1951-07-03 12:00:00,1951,2.0,3.0,sphere
1951-08-10 01:00:00,1951,2.0,4.0,circle
1952-02-10 21:00:00,1952,17.0,11.0,disk
1952-04-15 16:00:00,1952,2.0,4.0,triangle
1952-06-01 11:00:00,1952,,,
1952-06-01 12:00:00,1952,7.0,10.0,circle
1952-06-01 22:00:00,1952,1.0,1.0,fireball
1952-06-16 00:00:00,1952,1.0,2.0,egg
1952-06-16 00:00:00,1952,2.0,5.0,cigar
1952-06-21 22:00:00,1952,6.0,9.0,other
1952-06-22 17:45:00,1952,5.0,8.0,oval
1952-07-01 22:00:00,1952,4.0,7.0,sphere
1952-08-15 22:15:00,1952,1.0,3.0,light
1952-10-16 00:00:00,1952,2.0,6.0,cylinder
1953-01-01 14:00:00,1953,3.0,7.0,cigar
1953-01-02 00:00:00,1953,,,
1953-04-01 15:00:00,1953,1.0,1.0,chevron
1953-04-01 18:00:00,1953,2.0,4.0,sphere
1953-04-10 13:00:00,1953,3.0,8.0,other
1953-04-15 12:00:00,1953,4.0,10.0,fireball
1953-05-15 16:00:00,1953,8.0,11.0,disk
1953-06-15 18:00:00,1953,3.0,9.0,circle
1953-06-30 15:00:00,1953,2.0,5.0,oval
1953-07-13 21:00:00,1953,2.0,6.0,light
1953-07-15 13:00:00,1953,1.0,2.0,cylinder
1953-07-17 22:00:00,1953,1.0,3.0,cone
1954-01-01 22:00:00,1954,10.0,13.0,circle
1954-02-01 02:00:00,1954,3.0,9.0,unknown
1954-02-15 19:30:00,1954,17.0,14.0,disk
1954-05-15 12:00:00,1954,1.0,1.0,diamond
1954-06-01 08:00:00,1954,1.0,2.0,cylinder
1954-06-01 19:00:00,1954,5.0,12.0,light
1954-06-10 20:00:00,1954,2.0,7.0,cigar
1954-06-23 02:00:00,1954,4.0,11.0,other
1954-06-30 23:00:00,1954,2.0,8.0,fireball
1954-07-01 00:00:00,1954,,,
1954-07-07 22:00:00,1954,1.0,3.0,formation
1954-07-12 17:30:00,1954,1.0,4.0,changing
1954-07-15 21:00:00,1954,1.0,5.0,chevron
1954-08-01 12:00:00,1954,3.0,10.0,oval
1954-08-01 17:00:00,1954,1.0,6.0,triangle
1955-02-15 19:00:00,1955,6.0,6.0,light
1955-02-15 21:55:00,1955,4.0,4.0,fireball
1955-05-01 15:00:00,1955,2.0,2.0,egg
1955-06-01 02:00:00,1955,5.0,5.0,circle
1955-06-01 15:29:00,1955,9.0,7.0,disk
1955-06-15 08:00:00,1955,,,
1955-06-30 13:00:00,1955,3.0,3.0,cigar
1955-07-15 14:00:00,1955,1.0,1.0,oval
1956-01-01 05:30:00,1956,10.0,16.0,disk
1956-03-01 13:00:00,1956,1.0,1.0,oval
1956-03-22 17:30:00,1956,4.0,11.0,sphere
1956-05-01 12:00:00,1956,5.0,14.0,cigar
1956-05-15 20:00:00,1956,4.0,12.0,light
1956-05-17 10:22:00,1956,6.0,15.0,circle
1956-06-01 19:00:00,1956,4.0,13.0,other
1956-06-01 20:00:00,1956,1.0,2.0,cylinder
1956-06-06 12:00:00,1956,1.0,3.0,egg
1956-06-15 18:00:00,1956,1.0,4.0,fireball
1956-06-15 20:00:00,1956,1.0,5.0,flash
1956-06-30 13:00:00,1956,1.0,6.0,diamond
1956-06-30 18:30:00,1956,1.0,7.0,triangle
1956-07-12 19:00:00,1956,3.0,10.0,unknown
1956-10-01 19:00:00,1956,1.0,8.0,rectangle
1956-12-01 23:00:00,1956,1.0,9.0,formation
1957-01-01 21:00:00,1957,4.0,8.0,unknown
1957-03-05 19:30:00,1957,4.0,9.0,sphere
1957-03-07 04:00:00,1957,2.0,2.0,oval
1957-03-15 13:00:00,1957,2.0,3.0,formation
1957-03-15 15:00:00,1957,20.0,14.0,disk
1957-05-01 12:00:00,1957,8.0,12.0,cigar
1957-05-25 13:00:00,1957,3.0,7.0,diamond
1957-06-01 19:50:00,1957,,,
1957-06-01 22:00:00,1957,9.0,13.0,light
1957-06-06 22:00:00,1957,4.0,10.0,circle
1957-06-15 23:30:00,1957,2.0,4.0,cylinder
1957-06-30 12:00:00,1957,1.0,1.0,teardrop
1957-07-01 00:00:00,1957,2.0,5.0,other
1957-08-04 02:00:00,1957,4.0,11.0,fireball
1957-08-15 01:00:00,1957,2.0,6.0,triangle
1958-01-01 22:00:00,1958,3.0,8.0,fireball
1958-01-20 22:43:00,1958,10.0,13.0,disk
1958-02-15 02:30:00,1958,2.0,3.0,cigar
1958-04-17 21:30:00,1958,5.0,11.0,oval
1958-04-25 19:00:00,1958,4.0,9.0,unknown
1958-05-05 20:00:00,1958,2.0,4.0,sphere
1958-05-07 10:00:00,1958,4.0,10.0,circle
1958-05-17 00:00:00,1958,2.0,5.0,diamond
1958-06-01 22:00:00,1958,8.0,12.0,light
1958-06-06 18:45:00,1958,,,
1958-06-16 00:00:00,1958,2.0,6.0,other
1958-06-30 12:00:00,1958,1.0,1.0,cylinder
1958-06-30 13:00:00,1958,2.0,7.0,teardrop
1958-07-30 22:00:00,1958,1.0,2.0,triangle
1959-01-10 18:30:00,1959,12.0,12.0,disk
1959-04-01 01:00:00,1959,3.0,5.0,sphere
1959-04-26 19:00:00,1959,2.0,3.0,cylinder
1959-05-01 18:30:00,1959,7.0,10.0,light
1959-05-05 09:00:00,1959,5.0,9.0,circle
1959-05-15 04:00:00,1959,8.0,11.0,unknown
1959-06-01 22:00:00,1959,3.0,6.0,cigar
1959-06-15 08:30:00,1959,3.0,7.0,other
1959-06-23 22:00:00,1959,2.0,4.0,formation
1959-06-28 13:00:00,1959,1.0,1.0,rectangle
1959-06-30 20:00:00,1959,3.0,8.0,oval
1959-12-30 18:35:00,1959,1.0,2.0,fireball
1960-01-15 22:00:00,1960,17.0,14.0,disk
1960-02-01 22:15:00,1960,7.0,12.0,cigar
1960-03-12 23:00:00,1960,3.0,7.0,triangle
1960-04-01 21:00:00,1960,9.0,13.0,other
1960-05-01 20:00:00,1960,2.0,4.0,light
1960-06-01 00:00:00,1960,6.0,10.0,oval
1960-06-01 13:00:00,1960,2.0,5.0,cylinder
1960-06-01 17:00:00,1960,5.0,9.0,sphere
1960-06-01 22:00:00,1960,1.0,1.0,changing
1960-06-06 12:00:00,1960,1.0,2.0,fireball
1960-06-12 14:30:00,1960,2.0,6.0,formation
1960-07-01 20:00:00,1960,3.0,8.0,unknown
1960-07-04 21:30:00,1960,6.0,11.0,circle
1960-07-15 21:00:00,1960,1.0,3.0,diamond
1960-09-15 21:00:00,1960,,,
1961-01-01 12:00:00,1961,7.0,10.0,circle
1961-02-02 01:00:00,1961,11.0,12.0,disk
1961-02-22 20:00:00,1961,1.0,1.0,diamond
1961-04-01 20:00:00,1961,5.0,8.0,light
1961-05-01 22:00:00,1961,5.0,9.0,cigar
1961-05-04 01:00:00,1961,4.0,7.0,unknown
1961-06-01 20:00:00,1961,7.0,11.0,sphere
1961-06-10 19:30:00,1961,,,
1961-06-15 12:00:00,1961,2.0,5.0,triangle
1961-07-15 23:30:00,1961,2.0,6.0,egg
1961-08-21 11:40:00,1961,1.0,2.0,changing
1961-10-15 18:00:00,1961,1.0,3.0,oval
1961-11-26 10:00:00,1961,1.0,4.0,flash
1962-01-01 08:00:00,1962,9.0,13.0,sphere
1962-02-19 21:00:00,1962,4.0,8.0,circle
1962-03-01 08:00:00,1962,1.0,1.0,diamond
1962-03-03 03:00:00,1962,23.0,14.0,disk
1962-03-08 21:00:00,1962,,,
1962-03-15 12:00:00,1962,1.0,2.0,rectangle
1962-03-31 21:00:00,1962,6.0,10.0,light
1962-05-15 21:30:00,1962,2.0,4.0,changing
1962-06-01 00:00:00,1962,7.0,12.0,unknown
1962-06-16 23:30:00,1962,6.0,11.0,other
1962-06-30 18:00:00,1962,2.0,5.0,triangle
1962-07-07 02:00:00,1962,2.0,6.0,cylinder
1962-07-15 21:00:00,1962,5.0,9.0,oval
1962-11-01 18:00:00,1962,2.0,7.0,cigar
1962-11-09 20:30:00,1962,1.0,3.0,chevron
1963-01-01 22:00:00,1963,1.0,1.0,diamond
1963-01-20 22:00:00,1963,26.0,14.0,disk
1963-02-21 21:30:00,1963,9.0,13.0,unknown
1963-02-23 11:30:00,1963,,,
1963-03-15 13:00:00,1963,1.0,2.0,cylinder
1963-04-01 07:00:00,1963,6.0,9.0,triangle
1963-04-10 00:00:00,1963,4.0,6.0,sphere
1963-04-20 17:00:00,1963,7.0,10.0,light
1963-05-15 07:00:00,1963,8.0,11.0,other
1963-05-15 14:00:00,1963,5.0,7.0,oval
1963-05-15 22:00:00,1963,1.0,3.0,changing
1963-05-30 17:30:00,1963,2.0,4.0,rectangle
1963-06-01 02:00:00,1963,5.0,8.0,cigar
1963-06-01 16:00:00,1963,2.0,5.0,formation
1963-06-11 11:00:00,1963,8.0,12.0,circle
1964-01-10 20:00:00,1964,5.0,9.0,fireball
1964-01-25 20:30:00,1964,7.0,13.0,sphere
1964-03-01 20:00:00,1964,,,
1964-03-29 21:00:00,1964,12.0,14.0,circle
1964-03-30 13:00:00,1964,1.0,1.0,cylinder
1964-04-03 18:00:00,1964,6.0,11.0,other
1964-04-15 20:30:00,1964,13.0,15.0,light
1964-04-15 22:00:00,1964,20.0,16.0,disk
1964-05-05 01:00:00,1964,5.0,10.0,unknown
1964-05-15 15:00:00,1964,6.0,12.0,cigar
1964-06-19 20:00:00,1964,1.0,2.0,triangle
1964-06-29 21:50:00,1964,1.0,3.0,changing
1964-06-30 01:00:00,1964,1.0,4.0,rectangle
1964-07-14 13:00:00,1964,3.0,8.0,oval
1964-07-15 12:00:00,1964,2.0,7.0,formation
1964-08-12 00:00:00,1964,1.0,5.0,diamond
1964-08-20 13:00:00,1964,1.0,6.0,cross
1965-01-01 17:00:00,1965,26.0,15.0,light
1965-01-01 20:00:00,1965,13.0,12.0,fireball
1965-02-02 06:00:00,1965,21.0,14.0,sphere
1965-02-15 17:00:00,1965,20.0,13.0,oval
1965-02-16 21:00:00,1965,12.0,10.0,circle
1965-03-15 14:00:00,1965,38.0,16.0,disk
1965-03-15 17:00:00,1965,7.0,7.0,egg
1965-04-01 22:30:00,1965,7.0,8.0,triangle
1965-04-14 23:00:00,1965,12.0,11.0,cigar
1965-06-01 09:00:00,1965,6.0,5.0,cylinder
1965-06-01 20:00:00,1965,,,
1965-06-15 10:00:00,1965,10.0,9.0,unknown
1965-06-15 23:00:00,1965,2.0,3.0,formation
1965-06-15 23:00:00,1965,6.0,6.0,other
1965-06-30 00:00:00,1965,1.0,1.0,flash
1965-07-06 23:00:00,1965,3.0,4.0,changing
1965-07-15 06:30:00,1965,1.0,2.0,rectangle
1966-01-01 17:00:00,1966,58.0,16.0,disk
1966-01-13 00:00:00,1966,12.0,9.0,triangle
1966-01-15 22:00:00,1966,18.0,14.0,circle
1966-01-15 22:00:00,1966,12.0,10.0,unknown
1966-02-01 01:00:00,1966,17.0,13.0,oval
1966-03-15 10:30:00,1966,2.0,3.0,cylinder
1966-03-15 20:00:00,1966,14.0,11.0,sphere
1966-03-15 21:00:00,1966,19.0,15.0,light
1966-03-16 22:00:00,1966,4.0,7.0,chevron
1966-03-26 16:30:00,1966,11.0,8.0,cigar
1966-04-17 05:10:00,1966,16.0,12.0,other
1966-05-01 17:00:00,1966,2.0,4.0,rectangle
1966-05-15 22:00:00,1966,2.0,5.0,egg
1966-06-01 13:00:00,1966,,,
1966-07-06 21:00:00,1966,1.0,1.0,fireball
1966-08-18 19:00:00,1966,3.0,6.0,diamond
1966-09-15 09:00:00,1966,1.0,2.0,flash
1967-01-01 01:00:00,1967,15.0,13.0,cigar
1967-01-01 23:00:00,1967,31.0,15.0,light
1967-01-07 21:30:00,1967,39.0,16.0,disk
1967-02-02 21:00:00,1967,13.0,11.0,other
1967-02-13 22:19:00,1967,13.0,12.0,unknown
1967-03-01 19:30:00,1967,11.0,9.0,oval
1967-03-02 19:50:00,1967,6.0,7.0,formation
1967-03-10 23:00:00,1967,20.0,14.0,circle
1967-04-15 18:00:00,1967,4.0,5.0,chevron
1967-04-21 19:30:00,1967,3.0,3.0,cylinder
1967-05-05 22:00:00,1967,9.0,8.0,triangle
1967-05-15 20:00:00,1967,4.0,6.0,teardrop
1967-06-02 00:00:00,1967,12.0,10.0,sphere
1967-06-02 00:00:00,1967,,,
1967-07-20 20:00:00,1967,3.0,4.0,fireball
1967-08-01 19:00:00,1967,1.0,1.0,diamond
1967-08-03 21:15:00,1967,2.0,2.0,changing
1968-01-01 00:00:00,1968,31.0,17.0,circle
1968-01-01 01:00:00,1968,14.0,13.0,sphere
1968-01-01 21:00:00,1968,25.0,16.0,light
1968-01-01 22:00:00,1968,13.0,12.0,unknown
1968-01-08 19:00:00,1968,54.0,18.0,disk
1968-01-10 23:00:00,1968,,,
1968-01-15 17:30:00,1968,12.0,11.0,oval
1968-01-15 19:30:00,1968,14.0,14.0,other
1968-04-03 14:50:00,1968,18.0,15.0,cigar
1968-04-04 10:00:00,1968,2.0,3.0,cylinder
1968-04-08 18:45:00,1968,10.0,9.0,triangle
1968-05-01 13:00:00,1968,1.0,1.0,cone
1968-05-15 23:00:00,1968,10.0,10.0,fireball
1968-06-01 22:00:00,1968,3.0,6.0,changing
1968-06-12 12:30:00,1968,1.0,2.0,rectangle
1968-06-15 01:00:00,1968,3.0,7.0,formation
1968-06-20 19:00:00,1968,2.0,4.0,egg
1968-07-10 20:30:00,1968,3.0,8.0,diamond
1968-11-01 22:00:00,1968,2.0,5.0,flash
1969-01-01 20:00:00,1969,16.0,16.0,other
1969-01-15 23:00:00,1969,11.0,12.0,sphere
1969-01-20 19:00:00,1969,32.0,18.0,disk
1969-02-12 23:30:00,1969,14.0,14.0,cigar
1969-03-01 00:00:00,1969,10.0,11.0,oval
1969-03-01 21:00:00,1969,16.0,17.0,light
1969-03-15 11:00:00,1969,1.0,1.0,cross
1969-04-21 16:30:00,1969,5.0,8.0,cylinder
1969-06-01 12:00:00,1969,6.0,9.0,formation
1969-06-01 21:00:00,1969,13.0,13.0,unknown
1969-06-01 22:00:00,1969,1.0,2.0,rectangle
1969-06-10 18:30:00,1969,6.0,10.0,triangle
1969-06-30 10:00:00,1969,1.0,3.0,egg
1969-06-30 19:25:00,1969,2.0,6.0,changing
1969-06-30 22:45:00,1969,1.0,4.0,cone
1969-07-01 18:00:00,1969,,,
1969-07-01 22:15:00,1969,15.0,15.0,circle
1969-07-11 21:00:00,1969,2.0,7.0,fireball
1969-07-15 00:00:00,1969,1.0,5.0,flash
1970-01-01 02:00:00,1970,13.0,13.0,unknown
1970-01-01 12:00:00,1970,44.0,16.0,disk
1970-01-05 22:00:00,1970,20.0,15.0,light
1970-01-15 21:00:00,1970,5.0,9.0,cylinder
1970-01-16 19:00:00,1970,14.0,14.0,oval
1970-01-20 15:00:00,1970,4.0,8.0,egg
1970-01-22 10:00:00,1970,12.0,11.0,sphere
1970-01-24 20:15:00,1970,2.0,5.0,cigar
1970-02-16 00:00:00,1970,,,
1970-02-20 19:30:00,1970,12.0,12.0,other
1970-03-30 21:00:00,1970,9.0,10.0,circle
1970-05-05 19:00:00,1970,1.0,1.0,changing
1970-05-20 23:30:00,1970,2.0,6.0,triangle
1970-06-30 20:00:00,1970,1.0,2.0,cone
1970-07-22 20:00:00,1970,2.0,7.0,fireball
1970-08-15 12:00:00,1970,1.0,3.0,rectangle
1970-09-15 07:30:00,1970,1.0,4.0,diamond
1971-01-01 01:00:00,1971,9.0,15.0,oval
1971-01-07 22:00:00,1971,,,
1971-01-10 20:00:00,1971,6.0,11.0,unknown
1971-01-10 21:00:00,1971,36.0,19.0,disk
1971-01-15 13:00:00,1971,7.0,13.0,triangle
1971-02-01 18:30:00,1971,18.0,18.0,circle
1971-02-01 19:00:00,1971,15.0,17.0,light
1971-02-15 21:00:00,1971,1.0,1.0,changing
1971-03-03 18:00:00,1971,7.0,14.0,other
1971-04-01 21:00:00,1971,11.0,16.0,cigar
1971-05-29 21:00:00,1971,6.0,12.0,sphere
1971-06-01 03:00:00,1971,1.0,2.0,flash
1971-07-05 03:00:00,1971,2.0,9.0,chevron
1971-07-15 11:00:00,1971,1.0,3.0,fireball
1971-07-15 22:00:00,1971,3.0,10.0,formation
1971-07-20 22:00:00,1971,1.0,4.0,diamond
1971-07-22 00:15:00,1971,1.0,5.0,teardrop
1971-08-11 13:00:00,1971,1.0,6.0,cross
1971-09-01 22:00:00,1971,1.0,7.0,rectangle
1971-11-01 11:20:00,1971,1.0,8.0,cylinder
1972-01-01 16:00:00,1972,9.0,12.0,triangle
1972-01-01 20:00:00,1972,12.0,14.0,unknown
1972-01-05 19:30:00,1972,26.0,16.0,light
1972-02-05 19:00:00,1972,11.0,13.0,oval
1972-02-20 06:30:00,1972,,,
1972-03-01 23:30:00,1972,8.0,10.0,cigar
1972-03-04 02:00:00,1972,33.0,17.0,disk
1972-03-08 18:00:00,1972,6.0,9.0,other
1972-03-15 19:00:00,1972,8.0,11.0,sphere
1972-03-20 17:30:00,1972,5.0,7.0,cylinder
1972-03-24 20:30:00,1972,2.0,4.0,teardrop
1972-05-08 16:00:00,1972,5.0,8.0,fireball
1972-05-15 10:00:00,1972,22.0,15.0,circle
1972-06-14 22:15:00,1972,3.0,6.0,chevron
1972-06-15 20:30:00,1972,1.0,1.0,formation
1972-06-26 10:00:00,1972,1.0,2.0,egg
1972-08-10 16:00:00,1972,2.0,5.0,diamond
1972-10-01 23:00:00,1972,1.0,3.0,rectangle
1973-01-01 23:30:00,1973,22.0,16.0,oval
1973-01-12 03:00:00,1973,24.0,17.0,light
1973-01-14 19:00:00,1973,3.0,6.0,rectangle
1973-01-28 23:38:00,1973,55.0,19.0,disk
1973-02-01 22:00:00,1973,16.0,15.0,sphere
1973-02-01 23:00:00,1973,24.0,18.0,circle
1973-02-15 22:00:00,1973,13.0,12.0,unknown
1973-03-12 02:00:00,1973,10.0,11.0,other
1973-03-15 05:00:00,1973,6.0,10.0,fireball
1973-03-15 17:00:00,1973,15.0,14.0,triangle
1973-03-23 17:00:00,1973,4.0,8.0,cylinder
1973-04-15 15:00:00,1973,13.0,13.0,cigar
1973-06-06 22:00:00,1973,3.0,7.0,diamond
1973-06-15 22:00:00,1973,2.0,4.0,chevron
1973-06-15 22:00:00,1973,4.0,9.0,formation
1973-07-05 01:00:00,1973,,,
1973-07-05 20:00:00,1973,2.0,5.0,changing
1973-07-15 18:00:00,1973,1.0,1.0,cone
1973-10-11 16:45:00,1973,1.0,2.0,egg
1973-10-15 23:00:00,1973,1.0,3.0,flash
1974-01-01 01:00:00,1974,15.0,12.0,cigar
1974-01-05 16:00:00,1974,8.0,11.0,fireball
1974-01-09 21:00:00,1974,28.0,18.0,circle
1974-01-11 03:00:00,1974,18.0,13.0,sphere
1974-01-15 05:00:00,1974,65.0,20.0,disk
1974-01-18 19:00:00,1974,20.0,16.0,oval
1974-01-30 23:00:00,1974,19.0,15.0,unknown
1974-02-15 20:00:00,1974,1.0,1.0,flash
1974-04-01 07:30:00,1974,3.0,7.0,changing
1974-04-23 20:00:00,1974,3.0,8.0,chevron
1974-04-23 21:00:00,1974,31.0,19.0,light
1974-05-15 01:30:00,1974,18.0,14.0,other
1974-05-22 05:30:00,1974,5.0,10.0,rectangle
1974-06-01 02:00:00,1974,24.0,17.0,triangle
1974-06-01 13:00:00,1974,2.0,6.0,egg
1974-06-01 13:00:00,1974,4.0,9.0,cylinder
1974-06-15 21:00:00,1974,,,
1974-07-16 23:00:00,1974,1.0,2.0,cross
1974-10-07 19:50:00,1974,1.0,3.0,cone
1974-10-14 16:30:00,1974,1.0,4.0,diamond
1974-11-15 23:30:00,1974,1.0,5.0,teardrop
1975-01-01 01:00:00,1975,43.0,19.0,light
1975-01-01 03:00:00,1975,22.0,16.0,sphere
1975-01-01 08:00:00,1975,21.0,15.0,cigar
1975-01-01 12:00:00,1975,77.0,20.0,disk
1975-01-15 16:00:00,1975,26.0,17.0,triangle
1975-01-15 21:15:00,1975,18.0,13.0,unknown
1975-02-15 21:00:00,1975,1.0,1.0,chevron
1975-03-06 02:00:00,1975,1.0,2.0,diamond
1975-03-15 19:00:00,1975,5.0,10.0,rectangle
1975-03-15 21:00:00,1975,34.0,18.0,circle
1975-04-20 17:00:00,1975,19.0,14.0,oval
1975-05-01 02:40:00,1975,9.0,11.0,fireball
1975-05-15 13:00:00,1975,16.0,12.0,other
1975-05-25 23:00:00,1975,2.0,3.0,flash
1975-06-01 12:00:00,1975,,,
1975-06-01 15:00:00,1975,3.0,4.0,changing
1975-06-15 18:00:00,1975,4.0,7.0,formation
1975-06-30 22:00:00,1975,4.0,8.0,egg
1975-07-05 23:00:00,1975,3.0,5.0,cone
1975-07-15 09:30:00,1975,3.0,6.0,teardrop
1975-08-01 18:00:00,1975,4.0,9.0,cylinder
1976-01-01 21:00:00,1976,3.0,5.0,flash
1976-01-02 12:00:00,1976,15.0,13.0,other
1976-01-04 05:30:00,1976,15.0,14.0,cigar
1976-01-05 21:00:00,1976,63.0,20.0,disk
1976-01-07 23:00:00,1976,10.0,11.0,rectangle
1976-01-08 20:00:00,1976,19.0,15.0,triangle
1976-01-11 23:00:00,1976,,,
1976-01-15 20:00:00,1976,6.0,9.0,changing
1976-02-03 22:00:00,1976,20.0,16.0,unknown
1976-02-15 01:00:00,1976,13.0,12.0,sphere
1976-02-20 22:00:00,1976,22.0,17.0,oval
1976-04-15 01:30:00,1976,1.0,1.0,teardrop
1976-04-25 21:00:00,1976,23.0,18.0,circle
1976-05-01 12:00:00,1976,3.0,6.0,diamond
1976-05-01 20:00:00,1976,5.0,7.0,formation
1976-05-12 23:50:00,1976,2.0,4.0,egg
1976-05-16 20:00:00,1976,8.0,10.0,fireball
1976-05-29 23:00:00,1976,36.0,19.0,light
1976-06-01 01:00:00,1976,1.0,2.0,chevron
1976-06-01 12:00:00,1976,5.0,8.0,cylinder
1976-08-10 21:00:00,1976,1.0,3.0,cross
1977-01-01 02:30:00,1977,,,
1977-01-01 12:00:00,1977,3.0,4.0,cylinder
1977-01-01 19:30:00,1977,19.0,13.0,sphere
1977-01-01 20:00:00,1977,4.0,7.0,formation
1977-01-01 20:00:00,1977,54.0,19.0,disk
1977-01-14 22:00:00,1977,15.0,12.0,unknown
1977-01-15 01:00:00,1977,30.0,17.0,light
1977-01-15 20:10:00,1977,8.0,10.0,chevron
1977-01-18 17:45:00,1977,20.0,15.0,oval
1977-01-19 20:30:00,1977,32.0,18.0,triangle
1977-02-15 20:00:00,1977,27.0,16.0,circle
1977-03-19 20:30:00,1977,14.0,11.0,other
1977-03-20 11:00:00,1977,19.0,14.0,cigar
1977-03-20 20:00:00,1977,4.0,8.0,rectangle
1977-05-01 19:00:00,1977,3.0,5.0,fireball
1977-05-13 13:00:00,1977,4.0,9.0,egg
1977-06-02 00:00:00,1977,2.0,2.0,diamond
1977-06-30 20:30:00,1977,2.0,3.0,flash
1977-07-20 23:45:00,1977,3.0,6.0,changing
1977-09-01 20:00:00,1977,1.0,1.0,cone
1978-01-01 00:00:00,1978,73.0,20.0,disk
1978-01-01 13:00:00,1978,27.0,16.0,sphere
1978-01-06 01:00:00,1978,26.0,15.0,other
1978-01-06 17:00:00,1978,3.0,3.0,egg
1978-01-07 02:00:00,1978,,,
1978-01-08 22:00:00,1978,32.0,18.0,triangle
1978-01-09 03:30:00,1978,22.0,14.0,circle
1978-01-20 02:00:00,1978,13.0,12.0,cigar
1978-01-22 22:00:00,1978,3.0,4.0,diamond
1978-02-15 03:00:00,1978,21.0,13.0,unknown
1978-02-23 01:48:00,1978,38.0,19.0,light
1978-03-01 17:00:00,1978,27.0,17.0,oval
1978-03-05 21:00:00,1978,10.0,10.0,rectangle
1978-04-01 21:30:00,1978,6.0,8.0,cylinder
1978-04-06 20:00:00,1978,10.0,11.0,fireball
1978-04-21 00:00:00,1978,3.0,5.0,flash
1978-05-10 20:30:00,1978,4.0,6.0,changing
1978-06-15 18:00:00,1978,1.0,1.0,teardrop
1978-06-30 15:00:00,1978,7.0,9.0,formation
1978-07-01 14:00:00,1978,4.0,7.0,chevron
1978-10-01 00:00:00,1978,1.0,2.0,cone
1979-01-01 02:00:00,1979,46.0,19.0,disk
1979-01-15 17:00:00,1979,7.0,9.0,fireball
1979-01-15 20:00:00,1979,31.0,18.0,triangle
1979-01-31 11:00:00,1979,14.0,13.0,rectangle
1979-02-01 02:30:00,1979,27.0,16.0,circle
1979-02-10 23:00:00,1979,11.0,12.0,oval
1979-02-13 01:00:00,1979,29.0,17.0,light
1979-02-15 21:30:00,1979,23.0,15.0,other
1979-03-01 04:00:00,1979,14.0,14.0,unknown
1979-03-01 23:29:00,1979,4.0,5.0,chevron
1979-03-24 22:00:00,1979,7.0,10.0,cigar
1979-04-14 22:47:00,1979,8.0,11.0,sphere
1979-04-15 10:00:00,1979,5.0,8.0,formation
1979-05-05 20:30:00,1979,1.0,1.0,diamond
1979-06-01 15:30:00,1979,4.0,6.0,cylinder
1979-06-01 16:00:00,1979,2.0,3.0,cross
1979-06-01 22:00:00,1979,2.0,4.0,egg
1979-06-10 19:00:00,1979,,,
1979-06-20 13:00:00,1979,4.0,7.0,changing
1979-12-04 20:00:00,1979,1.0,2.0,teardrop
1980-01-01 01:00:00,1980,35.0,17.0,light
1980-01-01 19:00:00,1980,21.0,15.0,other
1980-01-01 23:30:00,1980,5.0,6.0,diamond
1980-01-10 00:00:00,1980,44.0,18.0,disk
1980-01-11 23:00:00,1980,13.0,10.0,cigar
1980-01-12 23:00:00,1980,17.0,12.0,sphere
1980-01-15 22:00:00,1980,15.0,11.0,oval
1980-01-23 22:30:00,1980,6.0,8.0,cylinder
1980-02-02 20:30:00,1980,21.0,16.0,triangle
1980-02-06 20:22:00,1980,4.0,4.0,egg
1980-02-07 00:00:00,1980,17.0,13.0,circle
1980-04-01 16:00:00,1980,5.0,7.0,changing
1980-04-10 19:50:00,1980,3.0,3.0,fireball
1980-05-15 01:00:00,1980,11.0,9.0,rectangle
1980-05-22 02:00:00,1980,18.0,14.0,unknown
1980-06-01 21:00:00,1980,,,
1980-06-16 00:00:00,1980,4.0,5.0,formation
1980-08-01 23:30:00,1980,2.0,2.0,chevron
1980-08-22 18:00:00,1980,1.0,1.0,teardrop
1981-01-01 00:01:00,1981,12.0,12.0,sphere
1981-01-01 01:00:00,1981,26.0,18.0,disk
1981-01-10 20:30:00,1981,14.0,14.0,unknown
1981-01-12 22:00:00,1981,17.0,16.0,triangle
1981-01-15 01:15:00,1981,12.0,13.0,cigar
1981-01-17 21:00:00,1981,5.0,7.0,diamond
1981-01-19 21:30:00,1981,17.0,17.0,light
1981-01-21 17:00:00,1981,14.0,15.0,other
1981-02-20 14:00:00,1981,,,
1981-03-25 20:00:00,1981,4.0,5.0,cylinder
1981-04-12 03:00:00,1981,3.0,3.0,changing
1981-04-18 17:00:00,1981,4.0,6.0,formation
1981-04-28 23:30:00,1981,7.0,9.0,rectangle
1981-05-01 18:30:00,1981,6.0,8.0,fireball
1981-05-11 23:00:00,1981,8.0,11.0,circle
1981-05-25 20:30:00,1981,3.0,4.0,chevron
1981-06-10 23:00:00,1981,7.0,10.0,oval
1981-07-30 19:30:00,1981,2.0,2.0,cone
1981-10-15 09:00:00,1981,1.0,1.0,egg
1982-01-01 17:00:00,1982,6.0,11.0,cylinder
1982-01-01 20:00:00,1982,15.0,17.0,circle
1982-01-06 17:00:00,1982,29.0,19.0,light
1982-01-07 13:00:00,1982,12.0,15.0,sphere
1982-01-14 05:00:00,1982,37.0,20.0,disk
1982-02-01 22:00:00,1982,8.0,13.0,unknown
1982-02-12 23:54:00,1982,19.0,18.0,triangle
1982-02-15 23:30:00,1982,8.0,14.0,oval
1982-04-12 20:30:00,1982,12.0,16.0,other
1982-05-28 18:00:00,1982,4.0,8.0,formation
1982-06-01 15:00:00,1982,6.0,12.0,cigar
1982-06-01 22:00:00,1982,5.0,9.0,chevron
1982-06-01 23:00:00,1982,3.0,5.0,teardrop
1982-06-06 00:00:00,1982,5.0,10.0,fireball
1982-06-10 22:00:00,1982,2.0,3.0,egg
1982-06-12 22:30:00,1982,2.0,4.0,diamond
1982-06-30 03:00:00,1982,,,
1982-07-16 04:37:00,1982,3.0,6.0,changing
1982-08-13 00:30:00,1982,3.0,7.0,rectangle
1982-09-12 22:00:00,1982,1.0,1.0,flash
1982-09-15 06:00:00,1982,1.0,2.0,cone
1983-01-10 20:00:00,1983,2.0,3.0,cylinder
1983-01-13 17:00:00,1983,15.0,15.0,sphere
1983-01-20 18:30:00,1983,8.0,11.0,light
1983-02-11 00:00:00,1983,8.0,12.0,circle
1983-02-15 01:00:00,1983,31.0,18.0,disk
1983-02-28 21:30:00,1983,4.0,8.0,fireball
1983-03-03 13:00:00,1983,4.0,9.0,cigar
1983-03-27 21:57:00,1983,17.0,16.0,other
1983-04-01 21:00:00,1983,,,
1983-04-07 00:00:00,1983,22.0,17.0,triangle
1983-04-07 23:00:00,1983,11.0,14.0,oval
1983-04-15 21:00:00,1983,3.0,6.0,changing
1983-04-30 09:00:00,1983,10.0,13.0,unknown
1983-05-01 19:00:00,1983,6.0,10.0,diamond
1983-06-01 01:00:00,1983,2.0,4.0,egg
1983-06-15 20:00:00,1983,3.0,7.0,formation
1983-07-01 21:10:00,1983,1.0,1.0,flash
1983-07-15 22:00:00,1983,2.0,5.0,rectangle
1983-08-15 21:05:00,1983,1.0,2.0,chevron
1984-01-03 13:00:00,1984,7.0,10.0,fireball
1984-01-08 22:00:00,1984,5.0,9.0,formation
1984-01-13 02:12:00,1984,3.0,3.0,changing
1984-01-21 21:00:00,1984,20.0,16.0,light
1984-01-23 06:45:00,1984,7.0,11.0,cigar
1984-01-24 00:00:00,1984,21.0,18.0,circle
1984-02-01 21:00:00,1984,13.0,13.0,unknown
1984-02-08 20:00:00,1984,27.0,19.0,triangle
1984-03-18 02:30:00,1984,20.0,17.0,other
1984-04-11 02:00:00,1984,,,
1984-04-15 02:00:00,1984,19.0,15.0,disk
1984-05-01 20:00:00,1984,3.0,4.0,rectangle
1984-06-01 02:20:00,1984,4.0,8.0,cylinder
1984-06-01 12:00:00,1984,8.0,12.0,oval
1984-06-01 13:00:00,1984,3.0,5.0,diamond
1984-06-01 17:00:00,1984,3.0,6.0,egg
1984-06-01 17:00:00,1984,13.0,14.0,sphere
1984-06-15 16:45:00,1984,1.0,1.0,cone
1984-08-15 23:00:00,1984,3.0,7.0,chevron
1984-09-20 21:00:00,1984,1.0,2.0,teardrop
1985-01-01 01:00:00,1985,24.0,17.0,other
1985-01-15 01:30:00,1985,22.0,16.0,light
1985-01-15 03:00:00,1985,21.0,15.0,circle
1985-01-15 20:50:00,1985,5.0,7.0,changing
1985-01-15 22:00:00,1985,10.0,12.0,unknown
1985-01-15 22:30:00,1985,4.0,3.0,cylinder
1985-02-15 00:00:00,1985,18.0,14.0,sphere
1985-02-15 00:00:00,1985,4.0,4.0,fireball
1985-03-01 20:30:00,1985,27.0,18.0,triangle
1985-03-14 19:13:00,1985,5.0,8.0,chevron
1985-03-15 14:30:00,1985,8.0,10.0,cigar
1985-03-26 01:25:00,1985,12.0,13.0,oval
1985-04-04 23:00:00,1985,31.0,19.0,disk
1985-05-30 00:00:00,1985,8.0,11.0,rectangle
1985-06-01 14:30:00,1985,1.0,1.0,teardrop
1985-06-01 23:00:00,1985,1.0,2.0,flash
1985-06-12 11:00:00,1985,,,
1985-06-17 02:00:00,1985,6.0,9.0,formation
1985-07-01 22:00:00,1985,4.0,5.0,egg
1985-07-23 00:00:00,1985,4.0,6.0,diamond
1986-01-01 03:00:00,1986,7.0,10.0,oval
1986-01-15 22:00:00,1986,12.0,12.0,circle
1986-01-28 13:00:00,1986,8.0,11.0,cigar
1986-01-29 20:00:00,1986,6.0,8.0,rectangle
1986-02-06 02:05:00,1986,1.0,1.0,cone
1986-02-09 23:00:00,1986,12.0,13.0,unknown
1986-02-15 17:00:00,1986,25.0,17.0,disk
1986-02-15 21:00:00,1986,36.0,18.0,triangle
1986-02-22 21:00:00,1986,23.0,16.0,other
1986-03-05 00:00:00,1986,13.0,14.0,sphere
1986-03-15 10:30:00,1986,,,
1986-03-15 15:40:00,1986,18.0,15.0,light
1986-04-30 23:00:00,1986,4.0,4.0,cylinder
1986-05-01 19:00:00,1986,4.0,5.0,formation
1986-05-15 17:40:00,1986,5.0,6.0,chevron
1986-05-18 20:30:00,1986,2.0,3.0,changing
1986-06-01 05:00:00,1986,1.0,2.0,egg
1986-06-20 17:30:00,1986,5.0,7.0,fireball
1986-07-05 21:00:00,1986,6.0,9.0,diamond
1987-01-01 00:00:00,1987,10.0,11.0,oval
1987-01-10 17:00:00,1987,15.0,15.0,sphere
1987-01-15 00:00:00,1987,14.0,14.0,unknown
1987-01-17 06:30:00,1987,24.0,17.0,other
1987-01-29 03:00:00,1987,21.0,16.0,disk
1987-01-30 13:00:00,1987,5.0,6.0,changing
1987-01-30 21:00:00,1987,34.0,19.0,light
1987-02-03 08:30:00,1987,29.0,18.0,triangle
1987-03-08 12:27:00,1987,3.0,3.0,egg
1987-03-10 20:00:00,1987,7.0,8.0,formation
1987-03-17 21:00:00,1987,6.0,7.0,chevron
1987-04-01 21:30:00,1987,8.0,10.0,fireball
1987-04-11 22:00:00,1987,13.0,13.0,cigar
1987-04-21 22:30:00,1987,11.0,12.0,circle
1987-05-14 20:45:00,1987,7.0,9.0,rectangle
1987-06-01 16:00:00,1987,,,
1987-06-01 20:00:00,1987,4.0,4.0,flash
1987-07-01 16:00:00,1987,4.0,5.0,cylinder
1987-08-01 22:00:00,1987,1.0,1.0,diamond
1987-12-13 01:00:00,1987,1.0,2.0,cone
1988-01-01 03:00:00,1988,26.0,16.0,triangle
1988-01-01 17:00:00,1988,26.0,17.0,circle
1988-01-10 21:30:00,1988,24.0,15.0,sphere
1988-01-10 22:10:00,1988,29.0,20.0,unknown
1988-01-12 03:30:00,1988,12.0,13.0,oval
1988-01-15 18:00:00,1988,16.0,14.0,other
1988-01-17 02:00:00,1988,5.0,8.0,rectangle
1988-01-18 20:00:00,1988,27.0,19.0,light
1988-01-26 23:00:00,1988,8.0,11.0,cigar
1988-02-05 15:00:00,1988,26.0,18.0,disk
1988-02-08 00:10:00,1988,4.0,5.0,cylinder
1988-03-05 16:30:00,1988,5.0,9.0,changing
1988-03-06 03:00:00,1988,8.0,12.0,fireball
1988-03-17 20:00:00,1988,4.0,6.0,egg
1988-05-17 19:45:00,1988,5.0,10.0,chevron
1988-06-01 21:00:00,1988,4.0,7.0,formation
1988-06-01 22:00:00,1988,,,
1988-06-14 21:45:00,1988,2.0,3.0,cross
1988-06-15 21:00:00,1988,3.0,4.0,diamond
1988-09-20 03:00:00,1988,1.0,1.0,flash
1988-10-22 23:16:00,1988,1.0,2.0,cone
1989-01-01 23:59:00,1989,17.0,14.0,light
1989-01-05 00:15:00,1989,9.0,10.0,cigar
1989-01-10 23:00:00,1989,7.0,9.0,fireball
1989-01-11 20:30:00,1989,11.0,12.0,rectangle
1989-01-15 15:00:00,1989,6.0,6.0,changing
1989-01-15 22:00:00,1989,,,
1989-01-17 20:00:00,1989,30.0,17.0,other
1989-01-19 20:15:00,1989,31.0,18.0,disk
1989-01-29 23:00:00,1989,19.0,15.0,unknown
1989-02-01 12:00:00,1989,10.0,11.0,oval
1989-03-01 20:00:00,1989,6.0,7.0,chevron
1989-03-06 01:00:00,1989,4.0,4.0,egg
1989-03-12 23:45:00,1989,23.0,16.0,sphere
1989-03-15 19:30:00,1989,41.0,19.0,triangle
1989-03-15 23:30:00,1989,15.0,13.0,circle
1989-04-02 13:00:00,1989,5.0,5.0,cylinder
1989-04-22 17:30:00,1989,2.0,1.0,flash
1989-05-01 22:00:00,1989,6.0,8.0,formation
1989-07-01 17:30:00,1989,3.0,3.0,diamond
1989-08-30 20:05:00,1989,2.0,2.0,teardrop
1990-01-01 00:15:00,1990,29.0,16.0,disk
1990-01-01 23:00:00,1990,37.0,18.0,triangle
1990-01-03 20:00:00,1990,21.0,15.0,unknown
1990-01-07 09:00:00,1990,4.0,6.0,changing
1990-01-11 03:30:00,1990,16.0,13.0,oval
1990-01-14 20:00:00,1990,15.0,12.0,circle
1990-01-15 22:00:00,1990,40.0,19.0,light
1990-02-03 11:30:00,1990,34.0,17.0,other
1990-02-04 02:16:00,1990,6.0,8.0,formation
1990-02-07 11:00:00,1990,4.0,7.0,cylinder
1990-02-15 21:00:00,1990,2.0,1.0,chevron
1990-02-20 06:40:00,1990,16.0,14.0,sphere
1990-03-01 21:00:00,1990,10.0,11.0,fireball
1990-05-01 13:00:00,1990,2.0,2.0,teardrop
1990-05-01 20:00:00,1990,3.0,5.0,flash
1990-05-26 21:00:00,1990,6.0,9.0,rectangle
1990-06-01 02:30:00,1990,2.0,3.0,diamond
1990-06-01 20:00:00,1990,6.0,10.0,cigar
1990-06-01 22:00:00,1990,,,
1990-06-23 22:25:00,1990,2.0,4.0,egg
1991-01-01 20:00:00,1991,23.0,15.0,other
1991-01-01 21:00:00,1991,45.0,18.0,triangle
1991-01-10 02:15:00,1991,37.0,17.0,light
1991-01-10 17:00:00,1991,13.0,13.0,unknown
1991-01-14 20:30:00,1991,35.0,16.0,disk
1991-02-14 22:00:00,1991,8.0,10.0,rectangle
1991-02-15 00:00:00,1991,5.0,7.0,formation
1991-02-15 15:00:00,1991,11.0,12.0,sphere
1991-02-15 19:00:00,1991,20.0,14.0,circle
1991-02-19 18:00:00,1991,4.0,6.0,cylinder
1991-03-01 04:30:00,1991,5.0,8.0,egg
1991-03-01 08:00:00,1991,7.0,9.0,cigar
1991-03-01 11:00:00,1991,8.0,11.0,oval
1991-03-20 20:00:00,1991,1.0,1.0,flash
1991-04-15 10:00:00,1991,3.0,5.0,diamond
1991-04-27 21:00:00,1991,2.0,3.0,changing
1991-05-30 09:10:00,1991,2.0,4.0,fireball
1991-06-30 08:00:00,1991,1.0,2.0,chevron
1991-07-05 11:11:00,1991,,,
1992-01-01 00:00:00,1992,19.0,15.0,other
1992-01-15 17:30:00,1992,22.0,17.0,sphere
1992-01-25 17:00:00,1992,29.0,18.0,disk
1992-02-01 20:00:00,1992,30.0,19.0,light
1992-02-02 00:00:00,1992,11.0,12.0,fireball
1992-02-04 02:00:00,1992,33.0,20.0,triangle
1992-02-14 01:30:00,1992,9.0,10.0,cigar
1992-02-16 02:00:00,1992,4.0,6.0,diamond
1992-02-27 02:00:00,1992,17.0,13.0,circle
1992-03-15 23:00:00,1992,4.0,7.0,flash
1992-03-22 18:30:00,1992,21.0,16.0,unknown
1992-04-01 02:00:00,1992,9.0,11.0,formation
1992-04-01 03:00:00,1992,18.0,14.0,oval
1992-04-01 13:00:00,1992,7.0,9.0,rectangle
1992-04-15 19:30:00,1992,3.0,4.0,egg
1992-04-22 02:00:00,1992,2.0,2.0,cone
1992-05-05 04:00:00,1992,,,
1992-06-01 22:00:00,1992,4.0,8.0,changing
1992-06-10 23:00:00,1992,3.0,5.0,chevron
1992-06-14 00:45:00,1992,2.0,3.0,cylinder
1992-09-12 22:15:00,1992,1.0,1.0,teardrop
1993-01-01 01:00:00,1993,,,
1993-01-10 00:30:00,1993,34.0,18.0,other
1993-01-12 19:45:00,1993,63.0,20.0,triangle
1993-01-14 03:30:00,1993,40.0,19.0,light
1993-01-14 04:00:00,1993,10.0,11.0,unknown
1993-01-15 20:00:00,1993,10.0,12.0,formation
1993-02-01 03:30:00,1993,2.0,2.0,flash
1993-02-03 23:00:00,1993,26.0,17.0,disk
1993-02-06 21:55:00,1993,24.0,16.0,sphere
1993-03-01 12:00:00,1993,6.0,8.0,diamond
1993-03-20 20:00:00,1993,8.0,9.0,fireball
1993-04-10 17:30:00,1993,4.0,5.0,egg
1993-04-12 21:00:00,1993,23.0,15.0,circle
1993-04-13 23:45:00,1993,15.0,14.0,cigar
1993-05-17 22:30:00,1993,13.0,13.0,oval
1993-05-24 14:30:00,1993,8.0,10.0,rectangle
1993-06-01 19:00:00,1993,5.0,7.0,cylinder
1993-06-01 20:00:00,1993,3.0,3.0,changing
1993-06-01 22:00:00,1993,1.0,1.0,cross
1993-06-08 16:09:00,1993,4.0,6.0,teardrop
1993-07-09 19:23:00,1993,3.0,4.0,chevron
1994-01-01 00:00:00,1994,36.0,16.0,other
1994-01-01 01:00:00,1994,75.0,19.0,triangle
1994-01-01 18:00:00,1994,26.0,13.0,unknown
1994-01-12 18:00:00,1994,7.0,6.0,chevron
1994-01-14 07:10:00,1994,47.0,17.0,disk
1994-01-14 18:00:00,1994,31.0,15.0,sphere
1994-01-17 05:00:00,1994,20.0,11.0,fireball
1994-01-18 19:00:00,1994,7.0,7.0,flash
1994-01-30 18:00:00,1994,25.0,12.0,oval
1994-02-01 00:00:00,1994,61.0,18.0,light
1994-02-22 02:00:00,1994,10.0,9.0,changing
1994-02-27 00:15:00,1994,11.0,10.0,rectangle
1994-03-10 18:00:00,1994,28.0,14.0,circle
1994-03-15 14:00:00,1994,3.0,2.0,cylinder
1994-04-06 20:40:00,1994,9.0,8.0,cigar
1994-04-23 01:00:00,1994,,,
1994-05-02 22:00:00,1994,3.0,3.0,diamond
1994-06-01 08:00:00,1994,4.0,4.0,formation
1994-06-15 15:00:00,1994,6.0,5.0,egg
1994-10-15 21:00:00,1994,2.0,1.0,teardrop
1995-01-01 02:00:00,1995,33.0,15.0,fireball
1995-01-01 03:00:00,1995,97.0,21.0,light
1995-01-01 06:00:00,1995,83.0,20.0,triangle
1995-01-01 10:00:00,1995,14.0,11.0,changing
1995-01-01 15:00:00,1995,30.0,14.0,sphere
1995-01-01 22:45:00,1995,,,
1995-01-04 21:55:00,1995,40.0,16.0,unknown
1995-01-05 20:10:00,1995,42.0,17.0,disk
1995-01-12 01:00:00,1995,43.0,18.0,circle
1995-01-15 21:00:00,1995,8.0,8.0,rectangle
1995-01-19 22:00:00,1995,10.0,9.0,chevron
1995-01-30 06:35:00,1995,48.0,19.0,other
1995-02-02 19:15:00,1995,6.0,5.0,cone
1995-02-15 07:30:00,1995,14.0,12.0,cigar
1995-02-25 23:30:00,1995,3.0,2.0,egg
1995-03-05 00:00:00,1995,24.0,13.0,oval
1995-03-10 22:00:00,1995,13.0,10.0,formation
1995-03-20 00:00:00,1995,4.0,3.0,cylinder
1995-04-02 13:00:00,1995,7.0,7.0,diamond
1995-05-01 21:00:00,1995,2.0,1.0,cross
1995-05-17 21:05:00,1995,5.0,4.0,flash
1995-05-25 15:00:00,1995,6.0,6.0,teardrop
1996-01-01 01:30:00,1996,120.0,21.0,light
1996-01-01 03:00:00,1996,26.0,15.0,unknown
1996-01-01 03:30:00,1996,101.0,20.0,triangle
1996-01-01 07:10:00,1996,,,
1996-01-01 12:00:00,1996,35.0,16.0,sphere
1996-01-06 04:30:00,1996,19.0,12.0,diamond
1996-01-08 17:00:00,1996,55.0,19.0,disk
1996-01-15 00:00:00,1996,39.0,17.0,circle
1996-01-15 02:30:00,1996,25.0,13.0,oval
1996-01-15 18:00:00,1996,17.0,11.0,formation
1996-01-15 22:00:00,1996,7.0,6.0,teardrop
1996-01-28 21:00:00,1996,3.0,1.0,cross
1996-02-09 17:50:00,1996,12.0,8.0,cylinder
1996-02-10 11:00:00,1996,53.0,18.0,other
1996-02-10 17:00:00,1996,25.0,14.0,fireball
1996-02-14 20:00:00,1996,14.0,9.0,changing
1996-03-15 01:00:00,1996,6.0,5.0,flash
1996-03-26 14:00:00,1996,3.0,2.0,cone
1996-03-28 19:40:00,1996,14.0,10.0,rectangle
1996-04-15 14:00:00,1996,5.0,3.0,chevron
1996-04-25 23:00:00,1996,8.0,7.0,egg
1996-05-15 22:30:00,1996,5.0,4.0,cigar
1997-01-01 01:30:00,1997,200.0,20.0,triangle
1997-01-01 07:00:00,1997,15.0,6.0,changing
1997-01-01 07:00:00,1997,73.0,16.0,circle
1997-01-01 13:00:00,1997,47.0,12.0,oval
1997-01-01 15:30:00,1997,18.0,8.0,rectangle
1997-01-01 19:30:00,1997,27.0,10.0,chevron
1997-01-01 20:30:00,1997,,,
1997-01-01 23:00:00,1997,275.0,21.0,light
1997-01-02 00:00:00,1997,3.0,1.0,cross
1997-01-04 21:00:00,1997,32.0,11.0,cigar
1997-01-04 21:32:00,1997,84.0,18.0,disk
1997-01-05 17:00:00,1997,47.0,13.0,fireball
1997-01-08 16:00:00,1997,8.0,3.0,teardrop
1997-01-15 01:15:00,1997,75.0,17.0,sphere
1997-01-15 17:30:00,1997,11.0,5.0,egg
1997-01-16 18:00:00,1997,136.0,19.0,other
1997-01-17 02:00:00,1997,19.0,9.0,cylinder
1997-02-01 21:00:00,1997,3.0,2.0,cone
1997-02-01 21:30:00,1997,51.0,14.0,unknown
1997-02-05 22:00:00,1997,9.0,4.0,flash
1997-02-14 18:00:00,1997,68.0,15.0,formation
1997-02-15 13:00:00,1997,16.0,7.0,diamond
1998-01-01 01:42:00,1998,327.0,21.0,light
1998-01-01 02:00:00,1998,193.0,19.0,triangle
1998-01-01 06:00:00,1998,107.0,15.0,disk
1998-01-01 07:30:00,1998,52.0,12.0,formation
1998-01-01 13:00:00,1998,133.0,16.0,circle
1998-01-01 13:00:00,1998,29.0,7.0,diamond
1998-01-01 23:00:00,1998,48.0,11.0,changing
1998-01-03 02:30:00,1998,144.0,18.0,sphere
1998-01-05 15:50:00,1998,135.0,17.0,other
1998-01-08 22:00:00,1998,237.0,20.0,fireball
1998-01-08 22:38:00,1998,70.0,13.0,oval
1998-01-10 22:24:00,1998,,,
1998-01-13 21:00:00,1998,84.0,14.0,unknown
1998-01-16 17:00:00,1998,11.0,2.0,cone
1998-01-24 15:20:00,1998,30.0,8.0,cylinder
1998-02-01 01:00:00,1998,18.0,5.0,chevron
1998-02-09 23:30:00,1998,17.0,4.0,rectangle
1998-02-12 12:35:00,1998,44.0,10.0,cigar
1998-02-15 19:30:00,1998,33.0,9.0,flash
1998-02-23 20:33:00,1998,24.0,6.0,egg
1998-03-28 04:30:00,1998,5.0,1.0,cross
1998-04-21 22:30:00,1998,13.0,3.0,teardrop
1999-01-01 00:00:00,1999,299.0,20.0,fireball
1999-01-01 01:35:00,1999,539.0,21.0,light
1999-01-01 03:00:00,1999,,,
1999-01-01 03:54:00,1999,168.0,14.0,disk
1999-01-01 14:00:00,1999,50.0,8.0,cylinder
1999-01-01 15:00:00,1999,86.0,11.0,cigar
1999-01-01 19:12:00,1999,180.0,16.0,unknown
1999-01-01 20:00:00,1999,215.0,17.0,circle
1999-01-01 21:00:00,1999,278.0,19.0,triangle
1999-01-03 16:31:00,1999,237.0,18.0,other
1999-01-04 21:50:00,1999,66.0,10.0,changing
1999-01-05 02:00:00,1999,102.0,13.0,oval
1999-01-05 05:36:00,1999,31.0,3.0,teardrop
1999-01-06 21:30:00,1999,51.0,9.0,flash
1999-01-07 23:00:00,1999,37.0,5.0,diamond
1999-01-08 18:00:00,1999,174.0,15.0,sphere
1999-01-09 02:39:00,1999,37.0,6.0,rectangle
1999-01-10 01:00:00,1999,87.0,12.0,formation
1999-01-11 20:00:00,1999,36.0,4.0,egg
1999-01-20 20:30:00,1999,48.0,7.0,chevron
1999-03-04 19:55:00,1999,8.0,2.0,cone
1999-07-09 18:04:00,1999,4.0,1.0,cross
2000-01-01 00:01:00,2000,144.0,14.0,sphere
2000-01-01 00:03:00,2000,183.0,16.0,unknown
2000-01-01 00:23:00,2000,557.0,21.0,light
2000-01-01 00:45:00,2000,76.0,11.0,changing
2000-01-01 01:00:00,2000,55.0,9.0,cylinder
2000-01-01 02:13:00,2000,218.0,17.0,other
2000-01-01 17:00:00,2000,76.0,12.0,formation
2000-01-01 20:30:00,2000,39.0,4.0,flash
2000-01-01 21:00:00,2000,319.0,20.0,triangle
2000-01-01 22:00:00,2000,75.0,10.0,cigar
2000-01-01 23:00:00,2000,43.0,6.0,egg
2000-01-02 00:00:00,2000,45.0,7.0,rectangle
2000-01-02 00:30:00,2000,119.0,13.0,oval
2000-01-02 19:33:00,2000,218.0,18.0,fireball
2000-01-02 21:36:00,2000,,,
2000-01-02 21:37:00,2000,179.0,15.0,disk
2000-01-02 22:40:00,2000,39.0,5.0,chevron
2000-01-06 16:00:00,2000,26.0,3.0,teardrop
2000-01-07 05:15:00,2000,239.0,19.0,circle
2000-01-17 18:20:00,2000,11.0,2.0,cone
2000-01-20 22:14:00,2000,48.0,8.0,diamond
2000-01-29 07:30:00,2000,9.0,1.0,cross
2001-01-01 00:00:00,2001,204.0,17.0,unknown
2001-01-01 00:00:00,2001,673.0,21.0,light
2001-01-01 00:00:00,2001,202.0,16.0,fireball
2001-01-01 00:01:00,2001,245.0,19.0,circle
2001-01-01 00:15:00,2001,,,
2001-01-01 00:25:00,2001,187.0,15.0,disk
2001-01-01 19:00:00,2001,238.0,18.0,other
2001-01-01 22:00:00,2001,34.0,3.0,teardrop
2001-01-01 22:00:00,2001,82.0,10.0,changing
2001-01-01 22:30:00,2001,117.0,12.0,formation
2001-01-02 16:50:00,2001,51.0,7.0,chevron
2001-01-02 22:00:00,2001,334.0,20.0,triangle
2001-01-03 15:00:00,2001,168.0,14.0,sphere
2001-01-04 06:00:00,2001,44.0,5.0,flash
2001-01-04 16:00:00,2001,91.0,11.0,cigar
2001-01-05 00:10:00,2001,155.0,13.0,oval
2001-01-06 03:00:00,2001,70.0,9.0,diamond
2001-01-07 20:30:00,2001,21.0,2.0,cone
2001-01-09 07:55:00,2001,57.0,8.0,rectangle
2001-01-10 12:10:00,2001,42.0,4.0,egg
2001-01-11 22:53:00,2001,49.0,6.0,cylinder
2001-02-17 16:00:00,2001,9.0,1.0,cross
2002-01-01 00:10:00,2002,264.0,19.0,circle
2002-01-01 04:45:00,2002,134.0,13.0,oval
2002-01-01 13:00:00,2002,184.0,15.0,sphere
2002-01-01 14:10:00,2002,347.0,20.0,triangle
2002-01-01 19:00:00,2002,241.0,17.0,unknown
2002-01-01 22:30:00,2002,676.0,21.0,light
2002-01-02 08:32:00,2002,15.0,2.0,cone
2002-01-02 17:00:00,2002,259.0,18.0,other
2002-01-02 17:30:00,2002,74.0,10.0,cigar
2002-01-03 19:15:00,2002,216.0,16.0,disk
2002-01-03 21:35:00,2002,63.0,8.0,chevron
2002-01-03 21:45:00,2002,59.0,7.0,cylinder
2002-01-05 02:00:00,2002,50.0,5.0,rectangle
2002-01-07 17:43:00,2002,179.0,14.0,fireball
2002-01-07 17:49:00,2002,43.0,3.0,egg
2002-01-07 18:00:00,2002,44.0,4.0,teardrop
2002-01-07 21:07:00,2002,,,
2002-01-11 04:30:00,2002,106.0,12.0,changing
2002-01-11 20:00:00,2002,55.0,6.0,diamond
2002-01-14 19:15:00,2002,88.0,11.0,formation
2002-01-24 17:00:00,2002,64.0,9.0,flash
2002-01-31 21:00:00,2002,11.0,1.0,cross
2003-01-01 00:01:00,2003,206.0,14.0,fireball
2003-01-01 00:05:00,2003,383.0,20.0,triangle
2003-01-01 00:05:00,2003,121.0,12.0,formation
2003-01-01 00:05:00,2003,859.0,21.0,light
2003-01-01 00:15:00,2003,334.0,19.0,circle
2003-01-01 00:30:00,2003,15.0,1.0,cone
2003-01-01 01:15:00,2003,259.0,16.0,disk
2003-01-01 01:30:00,2003,320.0,17.0,unknown
2003-01-01 07:37:00,2003,43.0,3.0,teardrop
2003-01-01 09:20:00,2003,203.0,13.0,oval
2003-01-01 12:00:00,2003,233.0,15.0,sphere
2003-01-01 19:30:00,2003,56.0,6.0,rectangle
2003-01-02 02:00:00,2003,57.0,7.0,diamond
2003-01-02 16:30:00,2003,111.0,11.0,cigar
2003-01-02 18:50:00,2003,76.0,8.0,flash
2003-01-03 03:00:00,2003,323.0,18.0,other
2003-01-06 04:00:00,2003,49.0,4.0,egg
2003-01-07 00:45:00,2003,16.0,2.0,cross
2003-01-07 20:00:00,2003,,,
2003-01-08 15:30:00,2003,109.0,10.0,changing
2003-01-08 18:15:00,2003,79.0,9.0,cylinder
2003-01-15 19:30:00,2003,53.0,5.0,chevron
2004-01-01 00:00:00,2004,991.0,21.0,light
2004-01-01 00:05:00,2004,462.0,20.0,triangle
2004-01-01 00:10:00,2004,345.0,19.0,other
2004-01-01 00:30:00,2004,279.0,16.0,disk
2004-01-01 02:00:00,2004,154.0,12.0,formation
2004-01-01 11:30:00,2004,119.0,11.0,changing
2004-01-01 12:00:00,2004,204.0,14.0,fireball
2004-01-01 17:38:00,2004,76.0,9.0,flash
2004-01-02 07:35:00,2004,322.0,17.0,circle
2004-01-03 00:20:00,2004,62.0,6.0,chevron
2004-01-03 22:30:00,2004,326.0,18.0,unknown
2004-01-03 23:45:00,2004,52.0,4.0,rectangle
2004-01-04 10:40:00,2004,52.0,5.0,egg
2004-01-04 14:00:00,2004,188.0,13.0,oval
2004-01-05 17:30:00,2004,105.0,10.0,cigar
2004-01-06 22:00:00,2004,,,
2004-01-07 16:50:00,2004,269.0,15.0,sphere
2004-01-08 05:00:00,2004,65.0,8.0,cylinder
2004-01-10 19:30:00,2004,64.0,7.0,diamond
2004-01-18 12:30:00,2004,40.0,3.0,teardrop
2004-02-15 20:40:00,2004,15.0,2.0,cross
2004-03-23 04:10:00,2004,14.0,1.0,cone
2005-01-01 00:00:00,2005,126.0,11.0,formation
2005-01-01 00:02:00,2005,326.0,17.0,unknown
2005-01-01 00:05:00,2005,168.0,13.0,oval
2005-01-01 00:15:00,2005,915.0,21.0,light
2005-01-01 00:20:00,2005,228.0,15.0,sphere
2005-01-01 00:30:00,2005,13.0,1.0,cross
2005-01-01 01:45:00,2005,130.0,12.0,changing
2005-01-01 01:49:00,2005,57.0,6.0,rectangle
2005-01-01 03:00:00,2005,82.0,9.0,flash
2005-01-01 06:51:00,2005,37.0,3.0,egg
2005-01-01 17:30:00,2005,250.0,16.0,disk
2005-01-01 19:00:00,2005,351.0,19.0,circle
2005-01-01 23:00:00,2005,439.0,20.0,triangle
2005-01-04 18:30:00,2005,223.0,14.0,fireball
2005-01-04 19:25:00,2005,60.0,7.0,diamond
2005-01-05 19:10:00,2005,116.0,10.0,cigar
2005-01-06 17:00:00,2005,336.0,18.0,other
2005-01-07 12:30:00,2005,67.0,8.0,cylinder
2005-01-07 18:00:00,2005,50.0,5.0,chevron
2005-01-10 17:24:00,2005,,,
2005-01-21 18:00:00,2005,42.0,4.0,teardrop
2005-02-21 00:14:00,2005,16.0,2.0,cone
2006-01-01 00:06:00,2006,771.0,21.0,light
2006-01-01 15:45:00,2006,,,
2006-01-01 17:00:00,2006,215.0,14.0,fireball
2006-01-01 17:00:00,2006,113.0,11.0,changing
2006-01-01 21:30:00,2006,271.0,17.0,other
2006-01-01 22:30:00,2006,55.0,6.0,diamond
2006-01-01 23:00:00,2006,369.0,20.0,triangle
2006-01-01 23:00:00,2006,337.0,19.0,circle
2006-01-02 17:15:00,2006,15.0,2.0,cone
2006-01-03 06:00:00,2006,313.0,18.0,unknown
2006-01-03 07:30:00,2006,183.0,13.0,oval
2006-01-03 11:30:00,2006,241.0,16.0,disk
2006-01-03 12:12:00,2006,240.0,15.0,sphere
2006-01-03 16:15:00,2006,75.0,8.0,rectangle
2006-01-03 18:00:00,2006,75.0,9.0,flash
2006-01-05 12:30:00,2006,45.0,5.0,teardrop
2006-01-05 22:10:00,2006,115.0,12.0,formation
2006-01-07 14:00:00,2006,108.0,10.0,cigar
2006-01-28 23:00:00,2006,59.0,7.0,cylinder
2006-01-29 23:00:00,2006,35.0,3.0,egg
2006-02-04 04:00:00,2006,37.0,4.0,chevron
2006-02-05 00:00:00,2006,9.0,1.0,cross
2007-01-01 00:00:00,2007,289.0,17.0,other
2007-01-01 00:00:00,2007,255.0,15.0,sphere
2007-01-01 00:01:00,2007,965.0,21.0,light
2007-01-01 00:01:00,2007,422.0,19.0,circle
2007-01-01 00:06:00,2007,227.0,14.0,fireball
2007-01-01 00:10:00,2007,136.0,11.0,formation
2007-01-01 02:00:00,2007,218.0,13.0,oval
2007-01-01 03:00:00,2007,255.0,16.0,disk
2007-01-01 04:33:00,2007,343.0,18.0,unknown
2007-01-01 13:40:00,2007,457.0,20.0,triangle
2007-01-01 14:00:00,2007,98.0,10.0,changing
2007-01-01 23:30:00,2007,,,
2007-01-02 13:00:00,2007,26.0,3.0,egg
2007-01-02 21:24:00,2007,140.0,12.0,cigar
2007-01-03 03:45:00,2007,60.0,6.0,diamond
2007-01-03 20:50:00,2007,17.0,2.0,cone
2007-01-03 23:15:00,2007,83.0,9.0,rectangle
2007-01-03 23:30:00,2007,68.0,8.0,cylinder
2007-01-05 12:00:00,2007,46.0,4.0,chevron
2007-01-05 20:30:00,2007,50.0,5.0,teardrop
2007-01-09 18:34:00,2007,60.0,7.0,flash
2007-01-12 20:00:00,2007,8.0,1.0,cross
2008-01-01 00:00:00,2008,1066.0,21.0,light
2008-01-01 00:00:00,2008,421.0,19.0,circle
2008-01-01 00:01:00,2008,477.0,20.0,triangle
2008-01-01 00:02:00,2008,278.0,15.0,disk
2008-01-01 00:03:00,2008,155.0,12.0,formation
2008-01-01 00:08:00,2008,267.0,14.0,fireball
2008-01-01 00:30:00,2008,252.0,13.0,oval
2008-01-01 00:45:00,2008,318.0,16.0,sphere
2008-01-01 03:00:00,2008,145.0,11.0,changing
2008-01-01 11:00:00,2008,321.0,17.0,other
2008-01-01 17:00:00,2008,393.0,18.0,unknown
2008-01-01 18:00:00,2008,130.0,10.0,cigar
2008-01-02 20:30:00,2008,77.0,6.0,diamond
2008-01-03 04:00:00,2008,,,
2008-01-04 10:00:00,2008,85.0,8.0,rectangle
2008-01-05 19:00:00,2008,69.0,5.0,chevron
2008-01-07 06:00:00,2008,15.0,1.0,cross
2008-01-07 20:52:00,2008,90.0,9.0,flash
2008-01-08 07:38:00,2008,52.0,3.0,teardrop
2008-01-09 15:50:00,2008,80.0,7.0,cylinder
2008-01-12 15:30:00,2008,53.0,4.0,egg
2008-01-21 09:24:00,2008,20.0,2.0,cone
2009-01-01 00:00:00,2009,54.0,6.0,diamond
2009-01-01 00:00:00,2009,262.0,15.0,fireball
2009-01-01 00:00:00,2009,463.0,20.0,circle
2009-01-01 00:00:00,2009,325.0,18.0,unknown
2009-01-01 00:01:00,2009,1149.0,21.0,light
2009-01-01 00:05:00,2009,316.0,17.0,sphere
2009-01-01 00:05:00,2009,214.0,14.0,oval
2009-01-01 00:15:00,2009,116.0,11.0,changing
2009-01-01 00:20:00,2009,207.0,13.0,disk
2009-01-01 00:20:00,2009,88.0,9.0,flash
2009-01-01 01:15:00,2009,307.0,16.0,other
2009-01-01 17:00:00,2009,105.0,10.0,cigar
2009-01-02 18:00:00,2009,40.0,4.0,egg
2009-01-03 04:00:00,2009,415.0,19.0,triangle
2009-01-03 09:00:00,2009,134.0,12.0,formation
2009-01-03 18:00:00,2009,64.0,7.0,cylinder
2009-01-04 17:00:00,2009,35.0,3.0,chevron
2009-01-06 21:30:00,2009,44.0,5.0,teardrop
2009-01-07 18:30:00,2009,,,
2009-01-08 18:09:00,2009,79.0,8.0,rectangle
2009-01-27 03:30:00,2009,27.0,2.0,cone
2009-02-13 22:00:00,2009,12.0,1.0,cross
2010-01-01 00:00:00,2010,362.0,18.0,fireball
2010-01-01 00:00:00,2010,310.0,17.0,unknown
2010-01-01 00:00:00,2010,1003.0,21.0,light
2010-01-01 00:00:00,2010,404.0,19.0,triangle
2010-01-01 00:00:00,2010,425.0,20.0,circle
2010-01-01 00:01:00,2010,102.0,11.0,formation
2010-01-01 00:03:00,2010,304.0,16.0,other
2010-01-01 00:04:00,2010,298.0,15.0,sphere
2010-01-01 00:11:00,2010,60.0,6.0,diamond
2010-01-01 00:24:00,2010,200.0,14.0,disk
2010-01-01 00:30:00,2010,53.0,5.0,chevron
2010-01-01 03:00:00,2010,,,
2010-01-02 13:00:00,2010,70.0,8.0,rectangle
2010-01-02 20:15:00,2010,123.0,12.0,changing
2010-01-02 23:17:00,2010,18.0,2.0,cross
2010-01-04 02:40:00,2010,72.0,9.0,flash
2010-01-05 02:11:00,2010,189.0,13.0,oval
2010-01-05 16:00:00,2010,90.0,10.0,cigar
2010-01-06 20:00:00,2010,48.0,4.0,teardrop
2010-01-09 19:00:00,2010,64.0,7.0,cylinder
2010-01-31 19:40:00,2010,22.0,3.0,egg
2010-03-31 00:00:00,2010,12.0,1.0,cone
2011-01-01 00:00:00,2011,241.0,14.0,oval
2011-01-01 00:00:00,2011,530.0,19.0,circle
2011-01-01 00:00:00,2011,1124.0,21.0,light
2011-01-01 00:00:00,2011,541.0,20.0,fireball
2011-01-01 00:05:00,2011,389.0,17.0,sphere
2011-01-01 00:11:00,2011,495.0,18.0,triangle
2011-01-01 00:35:00,2011,175.0,12.0,formation
2011-01-01 00:38:00,2011,351.0,16.0,unknown
2011-01-01 01:00:00,2011,330.0,15.0,other
2011-01-01 09:30:00,2011,76.0,7.0,rectangle
2011-01-01 11:15:00,2011,103.0,11.0,changing
2011-01-01 17:00:00,2011,74.0,6.0,cylinder
2011-01-01 20:45:00,2011,85.0,9.0,cigar
2011-01-02 03:32:00,2011,200.0,13.0,disk
2011-01-02 05:30:00,2011,52.0,5.0,teardrop
2011-01-02 19:12:00,2011,81.0,8.0,diamond
2011-01-03 05:15:00,2011,98.0,10.0,flash
2011-01-06 18:30:00,2011,41.0,4.0,chevron
2011-01-07 07:30:00,2011,34.0,3.0,egg
2011-01-08 04:00:00,2011,17.0,2.0,cone
2011-01-11 00:00:00,2011,,,
2011-03-02 19:15:00,2011,11.0,1.0,cross
2012-01-01 00:00:00,2012,343.0,14.0,oval
2012-01-01 00:00:00,2012,386.0,15.0,other
2012-01-01 00:00:00,2012,880.0,19.0,circle
2012-01-01 00:00:00,2012,591.0,17.0,sphere
2012-01-01 00:00:00,2012,1058.0,20.0,fireball
2012-01-01 00:01:00,2012,1511.0,21.0,light
2012-01-01 00:10:00,2012,178.0,11.0,changing
2012-01-01 00:15:00,2012,467.0,16.0,unknown
2012-01-01 00:15:00,2012,591.0,18.0,triangle
2012-01-01 00:15:00,2012,243.0,13.0,disk
2012-01-01 00:25:00,2012,134.0,10.0,flash
2012-01-01 12:03:00,2012,100.0,6.0,diamond
2012-01-01 19:20:00,2012,102.0,7.0,cylinder
2012-01-02 07:20:00,2012,112.0,8.0,cigar
2012-01-02 18:00:00,2012,125.0,9.0,rectangle
2012-01-02 19:00:00,2012,,,
2012-01-04 20:30:00,2012,26.0,2.0,cone
2012-01-05 07:30:00,2012,49.0,3.0,egg
2012-01-07 19:30:00,2012,72.0,5.0,chevron
2012-01-07 22:30:00,2012,215.0,12.0,formation
2012-01-20 13:00:00,2012,24.0,1.0,cross
2012-01-28 17:00:00,2012,68.0,4.0,teardrop
2013-01-01 00:00:00,2013,205.0,12.0,disk
2013-01-01 00:00:00,2013,562.0,18.0,sphere
2013-01-01 00:00:00,2013,282.0,14.0,oval
2013-01-01 00:00:00,2013,536.0,17.0,triangle
2013-01-01 00:00:00,2013,359.0,15.0,other
2013-01-01 00:02:00,2013,269.0,13.0,formation
2013-01-01 00:02:00,2013,972.0,20.0,fireball
2013-01-01 00:04:00,2013,148.0,11.0,changing
2013-01-01 00:05:00,2013,922.0,19.0,circle
2013-01-01 00:05:00,2013,45.0,3.0,teardrop
2013-01-01 00:07:00,2013,1531.0,21.0,light
2013-01-01 00:10:00,2013,430.0,16.0,unknown
2013-01-01 00:10:00,2013,31.0,2.0,cone
2013-01-01 00:37:00,2013,45.0,4.0,egg
2013-01-01 01:15:00,2013,110.0,9.0,cylinder
2013-01-02 01:30:00,2013,55.0,5.0,chevron
2013-01-03 00:43:00,2013,,,
2013-01-04 23:15:00,2013,26.0,1.0,cross
2013-01-06 11:00:00,2013,103.0,8.0,cigar
2013-01-07 18:00:00,2013,137.0,10.0,flash
2013-01-22 01:00:00,2013,94.0,6.0,rectangle
2013-02-04 19:36:00,2013,97.0,7.0,diamond
2014-01-01 00:00:00,2014,162.0,16.0,unknown
2014-01-01 00:00:00,2014,136.0,15.0,other
2014-01-01 00:00:00,2014,273.0,20.0,circle
2014-01-01 00:00:00,2014,486.0,21.0,light
2014-01-01 00:00:00,2014,95.0,14.0,oval
2014-01-01 00:00:00,2014,184.0,17.0,sphere
2014-01-01 00:00:00,2014,,,
2014-01-01 00:02:00,2014,88.0,13.0,formation
2014-01-01 00:05:00,2014,18.0,3.0,egg
2014-01-01 00:10:00,2014,207.0,19.0,triangle
2014-01-01 00:12:00,2014,206.0,18.0,fireball
2014-01-01 00:15:00,2014,41.0,10.0,flash
2014-01-01 01:00:00,2014,53.0,11.0,changing
2014-01-01 17:00:00,2014,27.0,6.0,rectangle
2014-01-03 01:00:00,2014,18.0,4.0,teardrop
2014-01-03 13:00:00,2014,34.0,8.0,cigar
2014-01-03 22:00:00,2014,21.0,5.0,chevron
2014-01-04 01:00:00,2014,8.0,1.0,cone
2014-01-06 07:40:00,2014,77.0,12.0,disk
2014-01-06 14:00:00,2014,32.0,7.0,cylinder
2014-01-09 18:44:00,2014,39.0,9.0,diamond
2014-02-02 20:00:00,2014,10.0,2.0,cross
